m,model,k,attack,certified,FRR,FAR,kstar,kstar_single
1,AP-Certified alone,0.0,0.0,0.0,,,,
1,AP-Certified alone,1.0,0.0,0.0,,,,
1,AP-Certified alone,2.0,0.0,0.00024390840170592643,,,,
1,AP-Certified alone,3.0,0.0,0.0007520384830067394,,,,
1,AP-Certified alone,4.0,0.005,0.005457394588030701,,,,
1,AP-Certified alone,5.0,0.02,0.024959611951483524,,,,
1,AP-Certified alone,6.0,0.08,0.10564146625215393,,,,
1,AP-Certified alone,7.0,0.35,0.40123366383069564,,,,
1,AP-Certified alone,8.0,0.995,0.9894878786924629,,,,
1,cascade,0.0,0.0,0.0,,,,
1,cascade,1.0,0.0,2.313424363668363e-06,,,,
1,cascade,2.0,0.0,0.0005104435056644814,,,,
1,cascade,3.0,0.005,0.0023166598825813474,,,,
1,cascade,4.0,0.015,0.014329432948424172,,,,
1,cascade,5.0,0.035,0.05611449589699104,,,,
1,cascade,6.0,0.165,0.239606623988725,,,,
1,cascade,7.0,0.57,0.7394370771432259,,,,
1,cascade,8.0,0.85,1.0,,,,
1,cascade-summary,,,,0.029471544715447155,0.0,3.0,4.0
3,AP-Certified alone,0.0,0.0,0.0,,,,
3,AP-Certified alone,1.0,0.0,0.0,,,,
3,AP-Certified alone,2.0,0.0,0.0006042126268880858,,,,
3,AP-Certified alone,3.0,0.005,0.002128602870790525,,,,
3,AP-Certified alone,4.0,0.01,0.009090906756685736,,,,
3,AP-Certified alone,5.0,0.05,0.041252762748576526,,,,
3,AP-Certified alone,6.0,0.16,0.17470617037787994,,,,
3,AP-Certified alone,7.0,0.565,0.5923613156626415,,,,
3,AP-Certified alone,8.0,1.0,1.0,,,,
3,cascade,0.0,0.0,0.0,,,,
3,cascade,1.0,0.0,0.0,,,,
3,cascade,2.0,0.0,0.0011861454890785747,,,,
3,cascade,3.0,0.0,0.0027105357329810136,,,,
3,cascade,4.0,0.01,0.014910235378590625,,,,
3,cascade,5.0,0.055,0.06336621151181511,,,,
3,cascade,6.0,0.16,0.2695612269149296,,,,
3,cascade,7.0,0.59,0.850157573613028,,,,
3,cascade,8.0,0.84,1.0,,,,
3,cascade-summary,,,,0.022865853658536585,0.0,3.0,4.0
