tag,rule,G,theta,power,c,FRR,FAR,EER,kstar,bound,k0,k1,k2,k3,k4,k5,k6,k7,k8,k9,k10,dataset,zones,m,n_eval,heard_eval
long_floor_m1,one-sided,10,0.7,1.0,inf,0.018800813008130083,0.0,0.0007621951219512195,3,10.0,0.0,0.0,0.00045181871262890797,0.0027672236444453526,0.010729698602496314,0.05009158244337588,0.230635527993133,0.917165976683628,1.0,1.0,1.0,long-term,floor,1,1968,21.958841463414632
long_floor_m1,symmetric,10,0.6,1.0,-inf,0.029471544715447155,0.0,0.0005081300813008131,4,10.0,0.0,0.0,0.00023327970993697593,0.0007414097912377889,0.005319221595034345,0.024491949513649705,0.10346258443951907,0.39412306903726774,0.9784871827115991,1.0,1.0,long-term,floor,1,1968,21.958841463414632
long_floor_m1,hybrid,10,0.6,1.0,6.0,0.028455284552845527,0.0,0.0005081300813008131,4,10.0,0.0,0.0,0.00024277437604125574,0.0007509044573420688,0.005442652254389983,0.024909714822238017,0.10540899099089644,0.400475000661031,0.988314162129529,1.0,1.0,long-term,floor,1,1968,21.958841463414632
long_floor_m1,one-sided weighted,10,0.6,1.0,inf,0.02184959349593496,0.0,0.00025406504065040653,3,10.0,0.0,0.0,0.00046971041493549956,0.006259914059622748,0.044865403827774444,0.2970082000362269,0.9479797717413656,1.0,1.0,1.0,1.0,long-term,floor,1,1968,21.958841463414632
long_floor_m3,one-sided,10,0.6,1.0,inf,0.027439024390243903,0.0,0.0007621951219512195,4,10.0,0.0,0.0,0.00029567727511109205,0.001820067519013531,0.006005553238915799,0.029528419381050764,0.12441490803822995,0.4556801548254333,1.0,1.0,1.0,long-term,floor,3,656,26.9984756097561
long_floor_m3,symmetric,10,0.7,1.0,-inf,0.0350609756097561,0.0,0.0,4,10.0,0.0,0.0,0.0,0.0005635400069459173,0.003413665379745493,0.01889275135843054,0.09996124933616118,0.3701354005802757,0.9346424671632555,1.0,1.0,long-term,floor,3,656,26.9984756097561
long_floor_m3,hybrid,10,0.6,1.0,inf,0.027439024390243903,0.0,0.0007621951219512195,4,10.0,0.0,0.0,0.00029567727511109205,0.001820067519013531,0.006005553238915799,0.029528419381050764,0.12441490803822995,0.4556801548254333,1.0,1.0,1.0,long-term,floor,3,656,26.9984756097561
long_floor_m3,one-sided weighted,10,0.6,1.0,inf,0.024390243902439025,0.0,0.001524390243902439,3,10.0,0.0,0.0,0.001524390243902439,0.0031054593570033293,0.015980727738604258,0.14416662286262902,0.3498038610061335,1.0,1.0,1.0,1.0,long-term,floor,3,656,26.9984756097561
long_floor_m5,one-sided,10,0.6,1.0,inf,0.012195121951219513,0.0,0.0,5,10.0,0.0,0.0,0.0,0.0,0.0,0.0,0.03470126730883771,0.26919637623069753,0.913105438579132,1.0,1.0,long-term,floor,5,328,29.13109756097561
long_floor_m5,symmetric,10,0.6,1.0,-inf,0.03353658536585366,0.0,0.0,5,10.0,0.0,0.0,0.0,0.0,0.0,0.0,0.021713259402467204,0.1769620144400706,0.6395214377330354,1.0,1.0,long-term,floor,5,328,29.13109756097561
long_floor_m5,hybrid,10,0.6,1.0,inf,0.012195121951219513,0.0,0.0,5,10.0,0.0,0.0,0.0,0.0,0.0,0.0,0.03470126730883771,0.26919637623069753,0.913105438579132,1.0,1.0,long-term,floor,5,328,29.13109756097561
long_floor_m5,one-sided weighted,10,0.6,1.0,inf,0.051829268292682924,0.0,0.0,5,10.0,0.0,0.0,0.0,0.0,0.0,0.002144431921759924,0.039504123157723586,0.22857703444304164,0.7929041783757054,1.0,1.0,long-term,floor,5,328,29.13109756097561
long_quadrant_m1,one-sided,5,0.7,1.0,inf,0.10518292682926829,0.03438346883468835,0.06258468834688347,-1,5.0,0.0338700762702321,0.07587021076420022,0.7651849997329271,1.0,1.0,1.0,1.0,1.0,1.0,1.0,1.0,long-term,quadrant,1,1968,21.958841463414632
long_quadrant_m1,symmetric,5,0.7,1.0,-inf,0.10213414634146341,0.030826558265582657,0.060128726287262874,-1,5.0,0.02941472450779759,0.08191740022814081,0.2899803893158536,0.9231809334857325,1.0,1.0,1.0,1.0,1.0,1.0,1.0,long-term,quadrant,1,1968,21.958841463414632
long_quadrant_m1,hybrid,5,0.7,1.0,0.0,0.10213414634146341,0.030826558265582657,0.060128726287262874,-1,5.0,0.02941472450779759,0.08191740022814081,0.2899803893158536,0.9231809334857325,1.0,1.0,1.0,1.0,1.0,1.0,1.0,long-term,quadrant,1,1968,21.958841463414632
long_quadrant_m1,one-sided weighted,5,0.7,1.0,inf,0.10467479674796748,0.03184281842818428,0.059027777777777776,-1,5.0,0.0321778688153392,0.08668450353688881,1.0,1.0,1.0,1.0,1.0,1.0,1.0,1.0,1.0,long-term,quadrant,1,1968,21.958841463414632
long_quadrant_m3,one-sided,10,0.6,1.0,inf,0.10365853658536585,0.023882113821138213,0.05157520325203252,-1,10.0,0.02292086577339823,0.03547919094097902,0.061912009908443984,0.10708234713737953,0.23340383209375745,0.8804905788380153,1.0,1.0,1.0,1.0,1.0,long-term,quadrant,3,656,26.9984756097561
long_quadrant_m3,symmetric,10,0.7,1.0,-inf,0.10975609756097561,0.018292682926829267,0.045477642276422765,-1,10.0,0.018384604413993512,0.03280516288374876,0.06926231437422704,0.161292644251282,0.34186977205306773,0.656002262968807,0.9665356188623418,1.0,1.0,1.0,1.0,long-term,quadrant,3,656,26.9984756097561
long_quadrant_m3,hybrid,10,0.7,1.0,2.0,0.10975609756097561,0.018292682926829267,0.045477642276422765,-1,10.0,0.018384604413993512,0.03280516288374877,0.06926231437422706,0.16129264425128204,0.3418697720530678,0.656002262968807,0.9665356188623418,1.0,1.0,1.0,1.0,long-term,quadrant,3,656,26.9984756097561
long_quadrant_m3,one-sided weighted,10,0.7,1.0,inf,0.0975609756097561,0.02693089430894309,0.05132113821138211,-1,10.0,0.02771855004982128,0.060623855081247825,0.1499648242903894,1.0,1.0,1.0,1.0,1.0,1.0,1.0,1.0,long-term,quadrant,3,656,26.9984756097561
long_quadrant_m5,one-sided,10,0.6,1.0,inf,0.13414634146341464,0.022357723577235773,0.0508130081300813,-1,10.0,0.021743440348844914,0.036910140499076545,0.05671756338370916,0.08900628172058292,0.17708947105760392,0.6152891870218684,1.0,1.0,1.0,1.0,1.0,long-term,quadrant,5,328,29.13109756097561
long_quadrant_m5,symmetric,10,0.6,1.0,-inf,0.14329268292682926,0.016260162601626018,0.0467479674796748,-1,10.0,0.01710647538988438,0.029267607866235237,0.047932462974890705,0.0839739972306508,0.22189133268290148,0.45730166479517087,0.8724336689675614,1.0,1.0,1.0,1.0,long-term,quadrant,5,328,29.13109756097561
long_quadrant_m5,hybrid,10,0.6,1.0,4.0,0.14329268292682926,0.016260162601626018,0.0467479674796748,-1,10.0,0.01710647538988438,0.029267607866235237,0.047932462974890705,0.0839739972306508,0.22189133268290148,0.45730166479517087,0.8724336689675614,1.0,1.0,1.0,1.0,long-term,quadrant,5,328,29.13109756097561
long_quadrant_m5,one-sided weighted,10,0.6,1.0,inf,0.11585365853658537,0.02540650406504065,0.05436991869918699,-1,10.0,0.027387345751595606,0.04973214966916931,0.08527541604090207,0.17673736635814766,1.0,1.0,1.0,1.0,1.0,1.0,1.0,long-term,quadrant,5,328,29.13109756097561
uji_building_m1,one-sided,5,0.6,2.718281828459045,inf,0.0268875611080934,0.0616512764801738,0.0528924497555676,-1,5.0,0.0617370602966418,0.6516941970122937,1.0,1.0,1.0,1.0,1.0,1.0,1.0,1.0,1.0,UJIIndoorLoc,building,1,3682,
uji_building_m1,symmetric,5,0.7,2.718281828459045,-inf,0.0323193916349809,0.0802552960347637,0.0512629005975013,-1,5.0,0.0783905088413852,0.3395792656554518,1.0,1.0,1.0,1.0,1.0,1.0,1.0,1.0,1.0,UJIIndoorLoc,building,1,3682,
uji_building_m1,hybrid,5,0.6,2.718281828459045,inf,0.0268875611080934,0.0616512764801738,0.0528924497555676,-1,5.0,0.0617370602966418,0.6516941970122937,1.0,1.0,1.0,1.0,1.0,1.0,1.0,1.0,1.0,UJIIndoorLoc,building,1,3682,
uji_building_m1,one-sided weighted,5,0.6,2.718281828459045,inf,0.026615969581749,0.0612438891906572,0.0475285171102661,-1,5.0,0.0614210820142859,1.0,1.0,1.0,1.0,1.0,1.0,1.0,1.0,1.0,1.0,UJIIndoorLoc,building,1,3682,
uji_building_m3,one-sided,5,0.7,1.0,inf,0.0206648697214734,0.0615453728661275,0.0386343216531895,-1,5.0,0.0629662422774624,1.0,1.0,1.0,1.0,1.0,1.0,1.0,1.0,1.0,1.0,UJIIndoorLoc,building,3,1113,
uji_building_m3,symmetric,5,0.6,1.0,-inf,0.0197663971248876,0.082210242587601,0.0339173405211141,-1,5.0,0.0800857720384005,0.5722158665117903,1.0,1.0,1.0,1.0,1.0,1.0,1.0,1.0,1.0,UJIIndoorLoc,building,3,1113,
uji_building_m3,hybrid,5,0.7,1.0,inf,0.0206648697214734,0.0615453728661275,0.0386343216531895,-1,5.0,0.0629662422774624,1.0,1.0,1.0,1.0,1.0,1.0,1.0,1.0,1.0,1.0,UJIIndoorLoc,building,3,1113,
uji_building_m3,one-sided weighted,5,0.7,1.0,inf,0.0206648697214734,0.0974842767295597,0.0395327942497753,-1,5.0,0.0993190694518702,1.0,1.0,1.0,1.0,1.0,1.0,1.0,1.0,1.0,1.0,UJIIndoorLoc,building,3,1113,
uji_building_m5,one-sided,5,0.7,1.0,inf,0.0183875530410183,0.3755304101838755,0.0406647807637906,-1,5.0,0.4036456449221468,1.0,1.0,1.0,1.0,1.0,1.0,1.0,1.0,1.0,1.0,UJIIndoorLoc,building,5,707,
uji_building_m5,symmetric,5,0.6,1.0,-inf,0.0198019801980198,0.099009900990099,0.0442008486562942,-1,5.0,0.1001559486269443,0.8203004483280151,1.0,1.0,1.0,1.0,1.0,1.0,1.0,1.0,1.0,UJIIndoorLoc,building,5,707,
uji_building_m5,hybrid,5,0.7,1.0,inf,0.0183875530410183,0.3755304101838755,0.0406647807637906,-1,5.0,0.4036456449221468,1.0,1.0,1.0,1.0,1.0,1.0,1.0,1.0,1.0,1.0,UJIIndoorLoc,building,5,707,
uji_building_m5,one-sided weighted,5,0.7,1.0,inf,0.0183875530410183,0.425035360678925,0.0406647807637906,-1,5.0,0.410353488067524,1.0,1.0,1.0,1.0,1.0,1.0,1.0,1.0,1.0,1.0,UJIIndoorLoc,building,5,707,
uji_floor_m1,one-sided,15,0.7,2.718281828459045,inf,0.0478260869565217,0.6736413043478261,0.1416666666666666,-1,9.0,0.674701394822845,1.0,1.0,1.0,1.0,1.0,1.0,1.0,1.0,1.0,1.0,UJIIndoorLoc,floor,1,3680,
uji_floor_m1,symmetric,5,0.6,2.718281828459045,-inf,0.0448369565217391,0.4494338768115942,0.1123528079710144,-1,5.0,0.4493895101204851,0.9093293670211297,1.0,1.0,1.0,1.0,1.0,1.0,1.0,1.0,1.0,UJIIndoorLoc,floor,1,3680,
uji_floor_m1,hybrid,15,0.6,2.718281828459045,6.0,0.0638586956521739,0.7012228260869565,0.1450067934782608,-1,9.0,0.7010183636415085,0.8570838241946491,0.9580272334712584,0.995145560185729,0.9999629930544918,1.0,1.0,1.0,1.0,1.0,1.0,UJIIndoorLoc,floor,1,3680,
uji_floor_m1,one-sided weighted,15,0.6,2.718281828459045,inf,0.058695652173913,0.6247735507246377,0.1519134963768116,-1,9.0,0.624468706840657,1.0,1.0,1.0,1.0,1.0,1.0,1.0,1.0,1.0,1.0,UJIIndoorLoc,floor,1,3680,
uji_floor_m3,one-sided,5,0.6,2.718281828459045,inf,0.0476190476190476,0.6430817610062893,0.1029499850254567,-1,5.0,0.6449571661114667,1.0,1.0,1.0,1.0,1.0,1.0,1.0,1.0,1.0,1.0,UJIIndoorLoc,floor,3,1113,
uji_floor_m3,symmetric,5,0.6,1.0,-inf,0.0386343216531895,0.4815064390536088,0.1130203653788559,-1,5.0,0.4823799576964419,0.9143273999660634,1.0,1.0,1.0,1.0,1.0,1.0,1.0,1.0,1.0,UJIIndoorLoc,floor,3,1113,
uji_floor_m3,hybrid,15,0.6,2.718281828459045,6.0,0.0566037735849056,0.5723270440251572,0.1269466906259359,-1,10.0,0.5748214156406798,0.8385100216931389,0.9457669313257804,0.9888399204447464,0.9996185029538271,1.0,1.0,1.0,1.0,1.0,1.0,UJIIndoorLoc,floor,3,1113,
uji_floor_m3,one-sided weighted,15,0.6,2.718281828459045,inf,0.050314465408805,0.5723270440251572,0.1327867625037436,-1,10.0,0.5755782080651518,1.0,1.0,1.0,1.0,1.0,1.0,1.0,1.0,1.0,1.0,UJIIndoorLoc,floor,3,1113,
uji_floor_m5,one-sided,15,0.7,1.0,inf,0.0491573033707865,0.6699438202247191,0.1242392322097378,-1,11.0,0.6666723519138391,1.0,1.0,1.0,1.0,1.0,1.0,1.0,1.0,1.0,1.0,UJIIndoorLoc,floor,5,712,
uji_floor_m5,symmetric,10,0.6,1.0,-inf,0.0379213483146067,0.4550561797752809,0.124005149812734,-1,10.0,0.4547335383722776,0.7361271325068166,0.9231560309142094,0.9970965207772172,1.0,1.0,1.0,1.0,1.0,1.0,1.0,UJIIndoorLoc,floor,5,712,
uji_floor_m5,hybrid,15,0.6,1.0,6.0,0.0449438202247191,0.6615168539325843,0.1306179775280899,-1,11.0,0.6597486992756595,0.8409320750309253,0.9471008796461456,0.9888453736310862,0.9998645189843814,1.0,1.0,1.0,1.0,1.0,1.0,UJIIndoorLoc,floor,5,712,
uji_floor_m5,one-sided weighted,15,0.6,1.0,inf,0.0463483146067415,0.5664794007490637,0.1225421348314606,-1,11.0,0.5693826207630663,1.0,1.0,1.0,1.0,1.0,1.0,1.0,1.0,1.0,1.0,UJIIndoorLoc,floor,5,712,
