month,method,FRR,FAR,certFAR_k0,floor_bind,n,tau_end
1,static,0.02693089430894309,0.0,0.0,0.0,1968,6.0330783043032685
1,online,0.05436991869918699,0.0,0.0,0.0,1968,5.603078304303962
1,online+floor,0.05233739837398374,0.0,0.0,0.0,1968,5.803078304303964
1,online+floor+retrain,0.052845528455284556,0.0,0.0,0.0,1968,5.753078304303964
2,static,0.035897435897435895,0.0,0.0,0.0,3120,6.0330783043032685
2,online,0.04807692307692308,0.0,8.875695374860582e-05,0.0,3120,5.903078304305074
2,online+floor,0.04903846153846154,0.0,7.273131272296457e-05,0.0,3120,5.953078304305075
2,online+floor+retrain,0.04903846153846154,0.0,7.273131272296457e-05,0.0,3120,5.903078304305074
3,static,0.05064102564102564,0.0,0.0,0.0,3120,6.0330783043032685
3,online,0.049679487179487176,0.0,0.0,0.0,3120,5.9530783043061835
3,online+floor,0.05032051282051282,0.0,0.0,0.0,3120,5.903078304306183
3,online+floor+retrain,0.04935897435897436,0.0,0.0,0.0,3120,6.003078304306184
4,static,0.07628205128205129,0.0,0.00045956518954918683,0.0,3120,6.0330783043032685
4,online,0.05352564102564102,0.0003205128205128205,0.002083883640043053,0.0,3120,5.403078304307284
4,online+floor,0.05705128205128205,0.0003205128205128205,0.0018440550807603939,0.0028846153846153848,3120,5.372500017882095
4,online+floor+retrain,0.05737179487179487,0.0003205128205128205,0.0021489728344101736,0.0028846153846153848,3120,5.422500017882096
5,static,0.07051282051282051,0.0,0.0009191303790983737,0.0,3120,6.0330783043032685
5,online,0.051923076923076926,0.0003205128205128205,0.0018418365942802436,0.0,3120,5.103078304308388
5,online+floor,0.0532051282051282,0.000641025641025641,0.002033653811764367,0.0009615384615384616,3120,5.172500000000702
5,online+floor+retrain,0.05352564102564102,0.0,0.0018525640681748366,0.0009615384615384616,3120,5.172500000000702
6,static,0.05384615384615385,0.0,0.001068784768744762,0.0,3120,6.0330783043032685
6,online,0.0483974358974359,0.0003205128205128205,0.0019790411789924007,0.0,3120,5.3530783043095
6,online+floor,0.05,0.0003205128205128205,0.0016744123899766952,0.001282051282051282,3120,5.4258333432681445
6,online+floor+retrain,0.05,0.0003205128205128205,0.0017475961538445254,0.0019230769230769232,3120,5.403333343268141
7,static,0.049679487179487176,0.0,0.00045956518954918683,0.0,3120,6.0330783043032685
7,online,0.05032051282051282,0.0,0.0006392377229776597,0.0,3120,5.303078304310608
7,online+floor,0.05128205128205128,0.0,0.000641025641025641,0.0,3120,5.22583334326925
7,online+floor+retrain,0.05032051282051282,0.0,0.000641025641025641,0.0,3120,5.353333343269249
8,static,0.04871794871794872,0.0,0.0,0.0,3120,6.0330783043032685
8,online,0.05064102564102564,0.0,0.0,0.0,3120,5.203078304311715
8,online+floor,0.04935897435897436,0.0,0.0,0.0,3120,5.32583334327036
8,online+floor+retrain,0.05,0.0,0.0,0.0,3120,5.353333343270357
9,static,0.06666666666666667,0.0,0.0,0.0,3120,6.0330783043032685
9,online,0.049679487179487176,0.0,0.0008157649944719253,0.0,3120,5.253078304312824
9,online+floor,0.05032051282051282,0.0,0.0007080662265762276,0.0,3120,5.275833343271468
9,online+floor+retrain,0.05096153846153846,0.0,0.0007208867393967448,0.0,3120,5.2033333432714635
10,static,0.09102564102564102,0.0,0.00030991079990279856,0.0,3120,6.0330783043032685
10,online,0.05064102564102564,0.0003205128205128205,0.0012593045429870992,0.0,3120,5.153078304313931
10,online+floor,0.05064102564102564,0.0,0.0013870192021003052,0.0,3120,5.175833343272575
10,online+floor+retrain,0.05032051282051282,0.0,0.001319978606994939,0.0,3120,5.153333343272571
11,static,0.31506410256410255,0.0,0.0007588739688419634,0.0,3120,6.0330783043032685
11,online,0.05480769230769231,0.0019230769230769232,0.012560061622911635,0.0,3120,4.403078304314978
11,online+floor,0.0782051282051282,0.0019230769230769232,0.007727315407910382,0.02532051282051282,3120,4.64333334326745
11,online+floor+retrain,0.09711538461538462,0.0028846153846153848,0.010306049833968019,0.03878205128205128,3120,5.2442857313156175
12,static,0.4108974358974359,0.0,0.0035162651061370846,0.0,3120,6.0330783043032685
12,online,0.05608974358974359,0.014102564102564103,0.041785133237235365,0.0,3120,3.4530783043156767
12,online+floor,0.1935897435897436,0.0022435897435897434,0.015563012549127803,0.15352564102564104,3120,5.342500000000005
12,online+floor+retrain,0.07756410256410257,0.0028846153846153848,0.00659366536349155,0.01730769230769231,3120,5.132500023841863
13,static,0.42756410256410254,0.000641025641025641,0.0018912708612468573,0.0,3120,6.0330783043032685
13,online,0.04583333333333333,0.009294871794871795,0.027228253721891714,0.0,3120,4.103078304316472
13,online+floor,0.18493589743589745,0.002564102564102564,0.008611378168829861,0.14711538461538462,3120,4.5225000000000035
13,online+floor+retrain,0.06057692307692308,0.0003205128205128205,0.00390773799862472,0.005128205128205128,3120,4.708214298487401
14,static,0.4237179487179487,0.0,0.0004489631689391649,0.0,3120,6.0330783043032685
14,online,0.052243589743589745,0.009294871794871795,0.03612925394506341,0.0,3120,3.7530783043172176
14,online+floor,0.11698717948717949,0.001282051282051282,0.013260126115036732,0.07692307692307693,3120,5.130000000000001
14,online+floor+retrain,0.052243589743589745,0.0009615384615384616,0.004474180840142698,0.003205128205128205,3120,4.940000005960471
15,static,0.44583333333333336,0.0003205128205128205,0.00200911918906318,0.0,3120,6.0330783043032685
15,online,0.049679487179487176,0.007051282051282051,0.029618341082775314,0.0,3120,3.803078304318101
15,online+floor,0.15320512820512822,0.0028846153846153848,0.012296993745824932,0.11506410256410256,3120,5.318214298486715
15,online+floor+retrain,0.05608974358974359,0.0003205128205128205,0.003743589730214724,0.0035256410256410257,3120,4.501666668653494
16,static,0.39326923076923076,0.000641025641025641,0.0015495539995139928,0.0,3120,6.0330783043032685
16,online,0.04935897435897436,0.009935897435897435,0.03031860748447586,0.0,3120,3.903078304318863
16,online+floor,0.14166666666666666,0.002564102564102564,0.009781645832534365,0.10128205128205128,3120,4.815714298486714
16,online+floor+retrain,0.06506410256410257,0.000641025641025641,0.004810248765806537,0.01282051282051282,3120,5.262500000000002
17,static,0.4342948717948718,0.000641025641025641,0.0021905796405396337,0.0,3120,6.0330783043032685
17,online,0.05352564102564102,0.015064102564102564,0.04582932923757401,0.0,3120,3.353078304319538
17,online+floor,0.16698717948717948,0.003205128205128205,0.013266973505798717,0.13173076923076923,3120,5.391136374473576
17,online+floor+retrain,0.0842948717948718,0.0038461538461538464,0.010633328604528376,0.03205128205128205,3120,4.4375
18,static,0.4342948717948718,0.0,0.0013786955686475606,0.0,3120,6.0330783043032685
18,online,0.046794871794871795,0.013141025641025641,0.04876779285284168,0.0,3120,3.8530783043200194
18,online+floor,0.17916666666666667,0.0022435897435897434,0.01268073374414961,0.1407051282051282,3120,5.015000000000002
18,online+floor+retrain,0.0685897435897436,0.0016025641025641025,0.005618017328854319,0.01282051282051282,3120,4.531666686535429
19,static,0.43493589743589745,0.0,0.0007588739688419634,0.0,3120,6.0330783043032685
19,online,0.052884615384615384,0.010897435897435897,0.03934048156480108,0.0,3120,3.4030783043208492
19,online+floor,0.13814102564102565,0.001282051282051282,0.012371436166457086,0.1,3120,5.395357164144516
19,online+floor+retrain,0.052564102564102565,0.0003205128205128205,0.0032018016343667724,0.0022435897435897434,3120,4.5025
20,static,0.421474358974359,0.0,0.0013680935480375387,0.0,3120,6.0330783043032685
20,online,0.04487179487179487,0.007371794871794872,0.026656688643754735,0.0,3120,4.203078304321598
20,online+floor,0.13653846153846153,0.0016025641025641025,0.00934773368713124,0.09615384615384616,3120,4.6875
20,online+floor+retrain,0.04519230769230769,0.0,0.0009174679487177483,0.0,3120,5.2525000000011195
21,static,0.41602564102564105,0.0,0.0001496543896463883,0.0,3120,6.0330783043032685
21,online,0.0532051282051282,0.0057692307692307696,0.02379550730291069,0.0,3120,3.7030783043225015
21,online+floor,0.09615384615384616,0.0016025641025641025,0.009955104986443407,0.05641025641025641,3120,4.866666674613953
21,online+floor+retrain,0.05064102564102564,0.0,0.0003245192307682544,0.0,3120,5.1525000000022265
22,static,0.4221153846153846,0.0,0.0001496543896463883,0.0,3120,6.0330783043032685
22,online,0.04935897435897436,0.005128205128205128,0.023596783598977995,0.0,3120,3.8030783043233316
22,online+floor,0.11153846153846154,0.000641025641025641,0.009492403704384337,0.06442307692307692,3120,4.882500000000001
22,online+floor+retrain,0.05064102564102564,0.000641025641025641,0.0011370192307668372,0.0,3120,5.0525000000033335
23,static,0.42243589743589743,0.0003205128205128205,0.001538951978903971,0.0,3120,6.0330783043032685
23,online,0.04935897435897436,0.013782051282051282,0.04786609956952028,0.0,3120,3.9030783043238997
23,online+floor,0.1778846153846154,0.002564102564102564,0.011400124881893335,0.14294871794871794,3120,4.888888895511627
23,online+floor+retrain,0.05512820512820513,0.0009615384615384616,0.002292010065064446,0.0022435897435897434,3120,4.997500000000698
24,static,0.43333333333333335,0.0,0.0024686843786123664,0.0,3120,6.0330783043032685
24,online,0.05096153846153846,0.016025641025641024,0.04389441843746657,0.0,3120,3.753078304324556
24,online+floor,0.19743589743589743,0.0035256410256410257,0.012905224362626746,0.1544871794871795,3120,5.333181842565539
24,online+floor+retrain,0.07371794871794872,0.0016025641025641025,0.004750267057081992,0.016666666666666666,3120,4.868571432829526
25,static,0.38958333333333334,0.0,0.000988656563616557,0.0,6240,6.0330783043032685
25,online,0.05064102564102564,0.008173076923076924,0.038238291047508116,0.0,6240,3.553078304326183
25,online+floor,0.13669871794871793,0.0014423076923076924,0.011380152449202277,0.09423076923076923,6240,5.230000017881398
25,online+floor+retrain,0.05,0.00016025641025641026,0.0004528388251085591,0.0,6240,4.868571432831743
