model,k,success,certified
kNN,0,0.0,
kNN,1,0.0,
kNN,2,0.0,
kNN,3,0.0,
kNN,4,0.0,
kNN,5,0.0,
kNN,6,0.0,
LightGBM,0,0.0,
LightGBM,1,0.0,
LightGBM,2,0.03,
LightGBM,3,0.13,
LightGBM,4,0.225,
LightGBM,5,0.35,
LightGBM,6,0.49,
MLP,0,0.0,
MLP,1,0.0,
MLP,2,0.005,
MLP,3,0.025,
MLP,4,0.255,
MLP,5,0.61,
MLP,6,0.87,
AP-Certified,0,0.0,0.0
AP-Certified,1,0.005,0.0019934766182187103
AP-Certified,2,0.005,0.005
AP-Certified,3,0.005,0.005
AP-Certified,4,0.005,0.01297390647287484
AP-Certified,5,0.07,0.06088257912793681
AP-Certified,6,0.235,0.2485629334206538
