month,calib,delta,k,cert
1,recalibrated,0,0,0.0
1,recalibrated,2,0,0.007463578760648618
1,recalibrated,4,0,0.07710045516007191
1,recalibrated,6,0,0.21680962964172945
1,recalibrated,0,1,0.00022091890602065364
1,recalibrated,2,1,0.030216894246702625
1,recalibrated,4,1,0.16738964748900875
1,recalibrated,6,1,0.37253369925700863
1,recalibrated,0,2,0.0005081300813008131
1,recalibrated,2,2,0.0876799286108827
1,recalibrated,4,2,0.2934762963083961
1,recalibrated,6,2,0.5566639446843239
1,recalibrated,0,3,0.0029382380475280034
1,recalibrated,2,3,0.19028810353599973
1,recalibrated,4,3,0.44630190987668433
1,recalibrated,6,3,0.7316644890807925
1,recalibrated,0,4,0.013829722686332634
1,recalibrated,2,4,0.33753369925700855
1,recalibrated,4,4,0.6273885586960717
1,recalibrated,6,4,0.8625347880499459
1,recalibrated,0,5,0.05635719300617429
1,recalibrated,2,5,0.5463008210837472
1,recalibrated,4,5,0.8033311557474592
1,recalibrated,6,5,0.945361490411171
1,recalibrated,0,6,0.22759387688841945
1,recalibrated,2,6,0.7815911022056211
1,recalibrated,4,6,0.9342014547166123
1,recalibrated,6,6,0.9877533154860539
1,recalibrated,0,7,0.6582187014166103
1,recalibrated,2,7,0.9463029986696214
1,recalibrated,4,7,0.9952897367254053
1,recalibrated,6,7,1.0
1,recalibrated,0,8,1.0
1,recalibrated,2,8,1.0
1,recalibrated,4,8,1.0
1,recalibrated,6,8,1.0
1,recalibrated,0,9,1.0
1,recalibrated,2,9,1.0
1,recalibrated,4,9,1.0
1,recalibrated,6,9,1.0
1,recalibrated,0,10,1.0
1,recalibrated,2,10,1.0
1,recalibrated,4,10,1.0
1,recalibrated,6,10,1.0
1,static,0,0,0.0
1,static,0,1,0.00024853207090115174
1,static,0,2,0.0005081300813008131
1,static,0,3,0.003241982861213482
1,static,0,4,0.014796183457150069
1,static,0,5,0.06041632824360753
1,static,0,6,0.24371996517863032
1,static,0,7,0.6910783676244031
1,static,0,8,1.0
1,static,0,9,1.0
1,static,0,10,1.0
2,recalibrated,0,0,0.0
2,recalibrated,0,1,0.00020681902364207716
2,recalibrated,0,2,0.0011683574851805386
2,recalibrated,0,3,0.0037844481358556177
2,recalibrated,0,4,0.01547163996978557
2,recalibrated,0,5,0.05146446773928877
2,recalibrated,0,6,0.17705420458802862
2,recalibrated,0,7,0.5242751809793124
2,recalibrated,0,8,1.0
2,recalibrated,0,9,1.0
2,recalibrated,0,10,1.0
2,static,0,0,0.0
2,static,0,1,0.00047029914955141024
2,static,0,2,0.0014318376110898717
2,static,0,3,0.0061557692690396145
2,static,0,4,0.021707336282973118
2,static,0,5,0.07456289211067363
2,static,0,6,0.25276082743264366
2,static,0,7,0.6903554870108287
2,static,0,8,1.0
2,static,0,9,1.0
2,static,0,10,1.0
2,retrained,0,0,0.0
2,retrained,0,1,0.0003080147451903303
2,retrained,0,2,0.000936542310893481
2,retrained,0,3,0.001577567951919122
2,retrained,0,4,0.009918962222703021
2,retrained,0,5,0.033665530890875366
2,retrained,0,6,0.11623929209082214
2,retrained,0,7,0.3810558007178725
2,retrained,0,8,0.9762786530379136
2,retrained,0,9,1.0
2,retrained,0,10,1.0
3,recalibrated,0,0,0.00037105710669785313
3,recalibrated,0,1,0.001146468502875967
3,recalibrated,0,2,0.004958128142224563
3,recalibrated,0,3,0.01600240880212419
3,recalibrated,0,4,0.06095973093399217
3,recalibrated,0,5,0.198916804067846
3,recalibrated,0,6,0.5208058515681765
3,recalibrated,0,7,1.0
3,recalibrated,0,8,1.0
3,recalibrated,0,9,1.0
3,recalibrated,0,10,1.0
3,static,0,0,0.00015676638318380342
3,static,0,1,0.0004772792036966239
3,static,0,2,0.002208689472863675
3,static,0,3,0.007295014276197521
3,static,0,4,0.026730840599000043
3,static,0,5,0.09813746488356197
3,static,0,6,0.2902678074867889
3,static,0,7,0.7093500737409946
3,static,0,8,1.0
3,static,0,9,1.0
3,static,0,10,1.0
3,retrained,0,0,0.0
3,retrained,0,1,0.0006314019837243693
3,retrained,0,2,0.003482334567785303
3,retrained,0,3,0.011418165822195642
3,retrained,0,4,0.04121435477350689
3,retrained,0,5,0.1537405187777422
3,retrained,0,6,0.42600446797461017
3,retrained,0,7,0.9914445686591695
3,retrained,0,8,1.0
3,retrained,0,9,1.0
3,retrained,0,10,1.0
4,recalibrated,0,0,0.000597134028526365
4,recalibrated,0,1,0.002155806518591192
4,recalibrated,0,2,0.006467419555773576
4,recalibrated,0,3,0.017212767229390722
4,recalibrated,0,4,0.049107884043408406
4,recalibrated,0,5,0.13624452010307736
4,recalibrated,0,6,0.35862738804508904
4,recalibrated,0,7,0.7983628803999733
4,recalibrated,0,8,1.0
4,recalibrated,0,9,1.0
4,recalibrated,0,10,1.0
4,static,0,0,0.00047029914955141024
4,static,0,1,0.001902136760641282
4,static,0,2,0.005706410281923846
4,static,0,3,0.0153948006307497
4,static,0,4,0.043442592782527094
4,static,0,5,0.12119344779804941
4,static,0,6,0.3205769243526026
4,static,0,7,0.7281809140338318
4,static,0,8,1.0
4,static,0,9,1.0
4,static,0,10,1.0
4,retrained,0,0,0.0005491660517234726
4,retrained,0,1,0.0022429259155598976
4,retrained,0,2,0.006866235216618022
4,retrained,0,3,0.01748676469008772
4,retrained,0,4,0.048292963575566665
4,retrained,0,5,0.12739544517676146
4,retrained,0,6,0.33640789367000506
4,retrained,0,7,0.7681092482140378
4,retrained,0,8,1.0
4,retrained,0,9,1.0
4,retrained,0,10,1.0
5,recalibrated,0,0,0.001905547991799976
5,recalibrated,2,0,0.05806507374524185
5,recalibrated,4,0,0.19835929203247776
5,recalibrated,6,0,0.38484884955369303
5,recalibrated,0,1,0.004006909462163034
5,recalibrated,2,1,0.14094784660520343
5,recalibrated,4,1,0.35419522123572555
5,recalibrated,6,1,0.5633592920324778
5,recalibrated,0,2,0.010383106421371106
5,recalibrated,2,2,0.2805832448346429
5,recalibrated,4,2,0.5127108554543391
5,recalibrated,6,2,0.6990936873134277
5,recalibrated,0,3,0.03209332879437483
5,recalibrated,2,3,0.44317699114719744
5,recalibrated,4,3,0.6565051327407019
5,recalibrated,6,3,0.8111301474904837
5,recalibrated,0,4,0.09159399818286526
5,recalibrated,2,4,0.6221639527984983
5,recalibrated,4,4,0.7983592920324778
5,recalibrated,6,4,0.9088098525058496
5,recalibrated,0,5,0.2529841275192073
5,recalibrated,2,5,0.8153097935067225
5,recalibrated,4,5,0.922421828906932
5,recalibrated,6,5,0.970283834807578
5,recalibrated,0,6,0.643032028579502
5,recalibrated,2,6,0.9562161061932951
5,recalibrated,4,6,0.9837083185835515
5,recalibrated,6,6,0.99490884955736
5,recalibrated,0,7,1.0
5,recalibrated,2,7,1.0
5,recalibrated,4,7,1.0
5,recalibrated,6,7,1.0
5,recalibrated,0,8,1.0
5,recalibrated,2,8,1.0
5,recalibrated,4,8,1.0
5,recalibrated,6,8,1.0
5,recalibrated,0,9,1.0
5,recalibrated,2,9,1.0
5,recalibrated,4,9,1.0
5,recalibrated,6,9,1.0
5,recalibrated,0,10,1.0
5,recalibrated,2,10,1.0
5,recalibrated,4,10,1.0
5,recalibrated,6,10,1.0
5,static,0,0,0.0006270655327352137
5,static,0,1,0.002065883197970299
5,static,0,2,0.004295512833269615
5,static,0,3,0.011569586947031496
5,static,0,4,0.03581310557752632
5,static,0,5,0.10105377534691432
5,static,0,6,0.279631838784715
5,static,0,7,0.7014902447492017
5,static,0,8,1.0
5,static,0,9,1.0
5,static,0,10,1.0
5,retrained,0,0,0.0023442417831115252
5,retrained,0,1,0.004621382206541863
5,retrained,0,2,0.011788310275238814
5,retrained,0,3,0.03773344493769483
5,retrained,0,4,0.10933347136211813
5,retrained,0,5,0.29479697766665336
5,retrained,0,6,0.7355643873705432
5,retrained,0,7,1.0
5,retrained,0,8,1.0
5,retrained,0,9,1.0
5,retrained,0,10,1.0
6,recalibrated,0,0,0.0020723871696444835
6,recalibrated,0,1,0.00394569401053222
6,recalibrated,0,2,0.0058996414021375235
6,recalibrated,0,3,0.01737841138589975
6,recalibrated,0,4,0.052835008022064756
6,recalibrated,0,5,0.1718978928318827
6,recalibrated,0,6,0.5042322139156331
6,recalibrated,0,7,1.0
6,recalibrated,0,8,1.0
6,recalibrated,0,9,1.0
6,recalibrated,0,10,1.0
6,static,0,0,0.0009405982991028205
6,static,0,1,0.0028636752221797433
6,static,0,2,0.0044732193788890595
6,static,0,3,0.009987963006903033
6,static,0,4,0.029643376200196282
6,static,0,5,0.09503703749061196
6,static,0,6,0.3015372521055762
6,static,0,7,0.7253972245992384
6,static,0,8,1.0
6,static,0,9,1.0
6,static,0,10,1.0
6,retrained,0,0,0.0024457367732540606
6,retrained,0,1,0.004048300875818163
6,retrained,0,2,0.008473228169338808
6,retrained,0,3,0.02636047223833527
6,retrained,0,4,0.08207056406965663
6,retrained,0,5,0.2542252910357277
6,retrained,0,6,0.6421197307589598
6,retrained,0,7,1.0
6,retrained,0,8,1.0
6,retrained,0,9,1.0
6,retrained,0,10,1.0
7,recalibrated,0,0,0.0002466945835938638
7,recalibrated,0,1,0.0005672074041066843
7,recalibrated,0,2,0.0031079714769642794
7,recalibrated,0,3,0.010013518436000443
7,recalibrated,0,4,0.03381479229882824
7,recalibrated,0,5,0.10723884753855249
7,recalibrated,0,6,0.3586431091546341
7,recalibrated,0,7,0.8682344470996625
7,recalibrated,0,8,1.0
7,recalibrated,0,9,1.0
7,recalibrated,0,10,1.0
7,static,0,0,0.00015676638318380342
7,static,0,1,0.0004772792036966239
7,static,0,2,0.002208689472863675
7,static,0,3,0.007765313425748932
7,static,0,4,0.025811182462332865
7,static,0,5,0.08286830522742611
7,static,0,6,0.27429045716999734
7,static,0,7,0.7077126093677045
7,static,0,8,1.0
7,static,0,9,1.0
7,static,0,10,1.0
7,retrained,0,0,5.365506941954991e-05
7,retrained,0,1,0.0011403886929369613
7,retrained,0,2,0.004631677268302766
7,retrained,0,3,0.01391291682804815
7,retrained,0,4,0.04284620432281066
7,retrained,0,5,0.14383805602536157
7,retrained,0,6,0.44649375860483687
7,retrained,0,7,1.0
7,retrained,0,8,1.0
7,retrained,0,9,1.0
7,retrained,0,10,1.0
8,recalibrated,0,0,0.0
8,recalibrated,0,1,0.0
8,recalibrated,0,2,0.0024254410194177426
8,recalibrated,0,3,0.011962686514346316
8,recalibrated,0,4,0.045243453762139535
8,recalibrated,0,5,0.13988850360811328
8,recalibrated,0,6,0.4286657268367564
8,recalibrated,0,7,0.9699797755757362
8,recalibrated,0,8,1.0
8,recalibrated,0,9,1.0
8,recalibrated,0,10,1.0
8,static,0,0,0.0
8,static,0,1,0.0
8,static,0,2,0.0012541310654704274
8,static,0,3,0.007423860442800469
8,static,0,4,0.029430769383850766
8,static,0,5,0.09508589786962847
8,static,0,6,0.2917688759691639
8,static,0,7,0.7163911705461424
8,static,0,8,1.0
8,static,0,9,1.0
8,static,0,10,1.0
8,retrained,0,0,0.0
8,retrained,0,1,0.0003543661463260547
8,retrained,0,2,0.003892975612825269
8,retrained,0,3,0.016254697862236808
8,retrained,0,4,0.05513258022705674
8,retrained,0,5,0.17950030478373433
8,retrained,0,6,0.509990949358059
8,retrained,0,7,1.0
8,retrained,0,8,1.0
8,retrained,0,9,1.0
8,retrained,0,10,1.0
9,recalibrated,0,0,0.00029082953301022156
9,recalibrated,0,1,0.002706515659599791
9,recalibrated,0,2,0.010802382692912333
9,recalibrated,0,3,0.031049943591355964
9,recalibrated,0,4,0.09021374212960959
9,recalibrated,0,5,0.2550927413589521
9,recalibrated,0,6,0.6190373285959597
9,recalibrated,0,7,1.0
9,recalibrated,0,8,1.0
9,recalibrated,0,9,1.0
9,recalibrated,0,10,1.0
9,static,0,0,0.0
9,static,0,1,0.00047029914955141024
9,static,0,2,0.003783333358846923
9,static,0,3,0.013314957324488974
9,static,0,4,0.03775014260889367
9,static,0,5,0.1112715104704424
9,static,0,6,0.3082755710606576
9,static,0,7,0.7209760707913548
9,static,0,8,1.0
9,static,0,9,1.0
9,static,0,10,1.0
9,retrained,0,0,0.0004950359654402133
9,retrained,0,1,0.00376674226569967
9,retrained,0,2,0.013670783903379538
9,retrained,0,3,0.039984235153468904
9,retrained,0,4,0.11179721760087638
9,retrained,0,5,0.30920516891523053
9,retrained,0,6,0.7320720664075729
9,retrained,0,7,1.0
9,retrained,0,8,1.0
9,retrained,0,9,1.0
9,retrained,0,10,1.0
10,recalibrated,0,0,0.0004708761360709706
10,recalibrated,2,0,0.027432544305029626
10,recalibrated,4,0,0.13721075633276641
10,recalibrated,6,0,0.31875852321203174
10,recalibrated,0,1,0.0034891478011824886
10,recalibrated,2,1,0.07774802742924074
10,recalibrated,4,1,0.2784978934650643
10,recalibrated,6,1,0.5189322763766768
10,recalibrated,0,2,0.009522611977071022
10,recalibrated,2,2,0.1984110168827418
10,recalibrated,4,2,0.4735847700473867
10,recalibrated,6,2,0.7187905464171106
10,recalibrated,0,3,0.028010345465497504
10,recalibrated,2,3,0.3933081286978799
10,recalibrated,4,3,0.6675582626620563
10,recalibrated,6,3,0.8533721751080376
10,recalibrated,0,4,0.0833051643167673
10,recalibrated,2,4,0.6156858196256658
10,recalibrated,4,4,0.812123879750444
10,recalibrated,6,4,0.9469981613934171
10,recalibrated,0,5,0.2155647983691305
10,recalibrated,2,5,0.8177320158267013
10,recalibrated,4,5,0.9440992109716964
10,recalibrated,6,5,0.9838545928272682
10,recalibrated,0,6,0.5357847598311718
10,recalibrated,2,6,0.9605052478913956
10,recalibrated,4,6,0.9889414694095907
10,recalibrated,6,6,0.9936808396626232
10,recalibrated,0,7,1.0
10,recalibrated,2,7,1.0
10,recalibrated,4,7,1.0
10,recalibrated,6,7,1.0
10,recalibrated,0,8,1.0
10,recalibrated,2,8,1.0
10,recalibrated,4,8,1.0
10,recalibrated,6,8,1.0
10,recalibrated,0,9,1.0
10,recalibrated,2,9,1.0
10,recalibrated,4,9,1.0
10,recalibrated,6,9,1.0
10,recalibrated,0,10,1.0
10,recalibrated,2,10,1.0
10,recalibrated,4,10,1.0
10,recalibrated,6,10,1.0
10,static,0,0,0.00015676638318380342
10,static,0,1,0.0017314102691670511
10,static,0,2,0.0058701567192528635
10,static,0,3,0.016805698079403932
10,static,0,4,0.05055990051310517
10,static,0,5,0.1368078352992898
10,static,0,6,0.3514223660472637
10,static,0,7,0.7497954437612618
10,static,0,8,1.0
10,static,0,9,1.0
10,static,0,10,1.0
10,retrained,0,0,0.0007976740232939902
10,retrained,0,1,0.004137163541915955
10,retrained,0,2,0.012955513034852805
10,retrained,0,3,0.036451229965901846
10,retrained,0,4,0.09774708935122778
10,retrained,0,5,0.25434522582437424
10,retrained,0,6,0.6013941999876137
10,retrained,0,7,1.0
10,retrained,0,8,1.0
10,retrained,0,9,1.0
10,retrained,0,10,1.0
11,recalibrated,0,0,0.00010373345608183684
11,recalibrated,0,1,0.001357847381331189
11,recalibrated,0,2,0.006741378164177967
11,recalibrated,0,3,0.026428220471768068
11,recalibrated,0,4,0.08983235065428392
11,recalibrated,0,5,0.2462022901246336
11,recalibrated,0,6,0.5251066745623969
11,recalibrated,0,7,0.8352476830324524
11,recalibrated,0,8,1.0
11,recalibrated,0,9,1.0
11,recalibrated,0,10,1.0
11,static,0,0,0.00015676638318380342
11,static,0,1,0.0018881766523508546
11,static,0,2,0.00838539890433893
11,static,0,3,0.03305733635951389
11,static,0,4,0.10839387513997223
11,static,0,5,0.28735584155575966
11,static,0,6,0.5816928077801952
11,static,0,7,0.875552707629947
11,static,0,8,1.0
11,static,0,9,1.0
11,static,0,10,1.0
11,retrained,0,0,8.897972260490255e-05
11,retrained,0,1,0.001210310046561846
11,retrained,0,2,0.007351769097651836
11,retrained,0,3,0.02851913735591003
11,retrained,0,4,0.09426297368292262
11,retrained,0,5,0.2535774569212117
11,retrained,0,6,0.5144754075835976
11,retrained,0,7,0.8258871103732457
11,retrained,0,8,1.0
11,retrained,0,9,1.0
11,retrained,0,10,1.0
12,recalibrated,0,0,0.023010184583082082
12,recalibrated,0,1,0.07041801052695669
12,recalibrated,0,2,0.19753871879265975
12,recalibrated,0,3,0.451417805913605
12,recalibrated,0,4,0.7654083746961637
12,recalibrated,0,5,0.9701175419806292
12,recalibrated,0,6,1.0
12,recalibrated,0,7,1.0
12,recalibrated,0,8,1.0
12,recalibrated,0,9,1.0
12,recalibrated,0,10,1.0
12,static,0,0,0.0007838319159190171
12,static,0,1,0.00473789176624017
12,static,0,2,0.016791737971113503
12,static,0,3,0.05198475807004983
12,static,0,4,0.14845740803390778
12,static,0,5,0.3558091892545881
12,static,0,6,0.6540315541282267
12,static,0,7,0.9071557700344475
12,static,0,8,1.0
12,static,0,9,1.0
12,static,0,10,1.0
12,retrained,0,0,0.0009555614203583911
12,retrained,0,1,0.0034320644778576617
12,retrained,0,2,0.01324450016007138
12,retrained,0,3,0.045012996456905575
12,retrained,0,4,0.17520843127284957
12,retrained,0,5,0.46574768455969395
12,retrained,0,6,0.885646925942065
12,retrained,0,7,1.0
12,retrained,0,8,1.0
12,retrained,0,9,1.0
12,retrained,0,10,1.0
13,recalibrated,0,0,0.017943727173238947
13,recalibrated,0,1,0.061004298085961806
13,recalibrated,0,2,0.18279483982482192
13,recalibrated,0,3,0.42400359985517344
13,recalibrated,0,4,0.7470130737180651
13,recalibrated,0,5,0.9544922440077235
13,recalibrated,0,6,1.0
13,recalibrated,0,7,1.0
13,recalibrated,0,8,1.0
13,recalibrated,0,9,1.0
13,recalibrated,0,10,1.0
13,static,0,0,0.0009475783532480341
13,static,0,1,0.003954059850321154
13,static,0,2,0.01456210833581419
13,static,0,3,0.04988397460135346
13,static,0,4,0.15203511463055439
13,static,0,5,0.3669712975393751
13,static,0,6,0.6776898875508575
13,static,0,7,0.9245128923913233
13,static,0,8,1.0
13,static,0,9,1.0
13,static,0,10,1.0
13,retrained,0,0,0.0037219673057291
13,retrained,0,1,0.012447953199238582
13,retrained,0,2,0.03920083548726566
13,retrained,0,3,0.12227799670243529
13,retrained,0,4,0.3330415784462968
13,retrained,0,5,0.690820188355691
13,retrained,0,6,1.0
13,retrained,0,7,1.0
13,retrained,0,8,1.0
13,retrained,0,9,1.0
13,retrained,0,10,1.0
14,recalibrated,0,0,0.017824900047045615
14,recalibrated,0,1,0.06651899184097183
14,recalibrated,0,2,0.18144251391608412
14,recalibrated,0,3,0.39287586664907814
14,recalibrated,0,4,0.67830382151397
14,recalibrated,0,5,0.9143263558406505
14,recalibrated,0,6,1.0
14,recalibrated,0,7,1.0
14,recalibrated,0,8,1.0
14,recalibrated,0,9,1.0
14,recalibrated,0,10,1.0
14,static,0,0,0.0
14,static,0,1,0.0031353276636760683
14,static,0,2,0.018167735149041665
14,static,0,3,0.06760235076327936
14,static,0,4,0.18369608331987147
14,static,0,5,0.396733904330207
14,static,0,6,0.6826098303950403
14,static,0,7,0.9166530633995303
14,static,0,8,1.0
14,static,0,9,1.0
14,static,0,10,1.0
14,retrained,0,0,0.0003205128205128205
14,retrained,0,1,0.002013653719837451
14,retrained,0,2,0.009451634173277233
14,retrained,0,3,0.0387861905139995
14,retrained,0,4,0.14829973702129104
14,retrained,0,5,0.41435377447831356
14,retrained,0,6,0.8026856565926335
14,retrained,0,7,1.0
14,retrained,0,8,1.0
14,retrained,0,9,1.0
14,retrained,0,10,1.0
15,recalibrated,0,0,0.018060499917411325
15,recalibrated,2,0,0.6543081046774439
15,recalibrated,4,0,0.8762628480253994
15,recalibrated,6,0,0.9533487597423234
15,recalibrated,0,1,0.0684151372756046
15,recalibrated,2,1,0.86932097464912
15,recalibrated,4,1,0.9698122388696995
15,recalibrated,6,1,0.9932175913733549
15,recalibrated,0,2,0.1950162096287363
15,recalibrated,2,2,0.9690586379111833
15,recalibrated,4,2,0.9962319952074196
15,recalibrated,6,2,1.0
15,recalibrated,0,3,0.42733655500097906
15,recalibrated,2,3,0.9962319952074196
15,recalibrated,4,3,1.0
15,recalibrated,6,3,1.0
15,recalibrated,0,4,0.7212052618898958
15,recalibrated,2,4,1.0
15,recalibrated,4,4,1.0
15,recalibrated,6,4,1.0
15,recalibrated,0,5,0.9357989952648775
15,recalibrated,2,5,1.0
15,recalibrated,4,5,1.0
15,recalibrated,6,5,1.0
15,recalibrated,0,6,1.0
15,recalibrated,2,6,1.0
15,recalibrated,4,6,1.0
15,recalibrated,6,6,1.0
15,recalibrated,0,7,1.0
15,recalibrated,2,7,1.0
15,recalibrated,4,7,1.0
15,recalibrated,6,7,1.0
15,recalibrated,0,8,1.0
15,recalibrated,2,8,1.0
15,recalibrated,4,8,1.0
15,recalibrated,6,8,1.0
15,recalibrated,0,9,1.0
15,recalibrated,2,9,1.0
15,recalibrated,4,9,1.0
15,recalibrated,6,9,1.0
15,recalibrated,0,10,1.0
15,recalibrated,2,10,1.0
15,recalibrated,4,10,1.0
15,recalibrated,6,10,1.0
15,static,0,0,0.0007838319159190171
15,static,0,1,0.003640527083953547
15,static,0,2,0.01674287759209701
15,static,0,3,0.06410462995421919
15,static,0,4,0.18500227995634752
15,static,0,5,0.4106968673498668
15,static,0,6,0.7034361836742283
15,static,0,7,0.9274603282632454
15,static,0,8,1.0
15,static,0,9,1.0
15,static,0,10,1.0
15,retrained,0,0,0.0016530864085265117
15,retrained,0,1,0.005387768251912521
15,retrained,0,2,0.014884729270633952
15,retrained,0,3,0.05477827128385823
15,retrained,0,4,0.19948856484780744
15,retrained,0,5,0.5502594274781085
15,retrained,0,6,0.9352562746108114
15,retrained,0,7,1.0
15,retrained,0,8,1.0
15,retrained,0,9,1.0
15,retrained,0,10,1.0
16,recalibrated,0,0,0.013144342056000423
16,recalibrated,0,1,0.043279180014155115
16,recalibrated,0,2,0.12979864447761302
16,recalibrated,0,3,0.31654484950023526
16,recalibrated,0,4,0.6052139812101268
16,recalibrated,0,5,0.8848202623919931
16,recalibrated,0,6,1.0
16,recalibrated,0,7,1.0
16,recalibrated,0,8,1.0
16,recalibrated,0,9,1.0
16,recalibrated,0,10,1.0
16,static,0,0,0.0007977920242094444
16,static,0,1,0.0036265669756631196
16,static,0,2,0.01456210833581419
16,static,0,3,0.04753247885359642
16,static,0,4,0.14174059891142898
16,static,0,5,0.33824757947584594
16,static,0,6,0.6339782778486561
16,static,0,7,0.9012608982906027
16,static,0,8,1.0
16,static,0,9,1.0
16,static,0,10,1.0
16,retrained,0,0,0.00012415927077090802
16,retrained,0,1,0.0014581755446220937
16,retrained,0,2,0.0061320578625819935
16,retrained,0,3,0.019699382006216463
16,retrained,0,4,0.06954404265358437
16,retrained,0,5,0.2428386598129557
16,retrained,0,6,0.6223419849638333
16,retrained,0,7,1.0
16,retrained,0,8,1.0
16,retrained,0,9,1.0
16,retrained,0,10,1.0
17,recalibrated,0,0,0.022763362189920745
17,recalibrated,0,1,0.061339535984090095
17,recalibrated,0,2,0.16788528352750887
17,recalibrated,0,3,0.3896243330317167
17,recalibrated,0,4,0.7036426069125401
17,recalibrated,0,5,0.9363597315875868
17,recalibrated,0,6,1.0
17,recalibrated,0,7,1.0
17,recalibrated,0,8,1.0
17,recalibrated,0,9,1.0
17,recalibrated,0,10,1.0
17,static,0,0,0.00031353276636760685
17,static,0,1,0.004089886071069316
17,static,0,2,0.019763319197460556
17,static,0,3,0.05557321958299778
17,static,0,4,0.15035256474040387
17,static,0,5,0.35666282171195923
17,static,0,6,0.6621485057830583
17,static,0,7,0.9164893169622013
17,static,0,8,1.0
17,static,0,9,1.0
17,static,0,10,1.0
17,retrained,0,0,0.001802858323200863
17,retrained,0,1,0.006690556139163865
17,retrained,0,2,0.022235112427830626
17,retrained,0,3,0.07764256559759311
17,retrained,0,4,0.24314410429505426
17,retrained,0,5,0.591576354622365
17,retrained,0,6,0.954757733579976
17,retrained,0,7,1.0
17,retrained,0,8,1.0
17,retrained,0,9,1.0
17,retrained,0,10,1.0
18,recalibrated,0,0,0.025675747143245865
18,recalibrated,0,1,0.08183493373742991
18,recalibrated,0,2,0.22379630593142336
18,recalibrated,0,3,0.4791279961523008
18,recalibrated,0,4,0.816990516568714
18,recalibrated,0,5,0.99731162403979
18,recalibrated,0,6,1.0
18,recalibrated,0,7,1.0
18,recalibrated,0,8,1.0
18,recalibrated,0,9,1.0
18,recalibrated,0,10,1.0
18,static,0,0,0.00015676638318380342
18,static,0,1,0.0036126068673726923
18,static,0,2,0.01630049865912645
18,static,0,3,0.053709188285071666
18,static,0,4,0.15276688097546784
18,static,0,5,0.3516881777749488
18,static,0,6,0.6488716539212845
18,static,0,7,0.9091207272823955
18,static,0,8,1.0
18,static,0,9,1.0
18,static,0,10,1.0
18,retrained,0,0,0.008182655483544285
18,retrained,0,1,0.01711732984388959
18,retrained,0,2,0.04207718843916118
18,retrained,0,3,0.1031216478606682
18,retrained,0,4,0.2847363991577999
18,retrained,0,5,0.6256817573739841
18,retrained,0,6,1.0
18,retrained,0,7,1.0
18,retrained,0,8,1.0
18,retrained,0,9,1.0
18,retrained,0,10,1.0
19,recalibrated,0,0,0.03581766153661005
19,recalibrated,0,1,0.09818445149517134
19,recalibrated,0,2,0.26619896551283956
19,recalibrated,0,3,0.5330168393791019
19,recalibrated,0,4,0.8511081957400127
19,recalibrated,0,5,1.0
19,recalibrated,0,6,1.0
19,recalibrated,0,7,1.0
19,recalibrated,0,8,1.0
19,recalibrated,0,9,1.0
19,recalibrated,0,10,1.0
19,static,0,0,0.00031353276636760685
19,static,0,1,0.004089886071069316
19,static,0,2,0.020860683879747183
19,static,0,3,0.06408746465393965
19,static,0,4,0.17607678136100505
19,static,0,5,0.3908567675568089
19,static,0,6,0.683839246435919
19,static,0,7,0.922384188706046
19,static,0,8,1.0
19,static,0,9,1.0
19,static,0,10,1.0
19,retrained,0,0,0.004165686566675322
19,retrained,0,1,0.015243752390140803
19,retrained,0,2,0.055985217176854306
19,retrained,0,3,0.1855828765587767
19,retrained,0,4,0.4622409620746629
19,retrained,0,5,0.833294202215585
19,retrained,0,6,1.0
19,retrained,0,7,1.0
19,retrained,0,8,1.0
19,retrained,0,9,1.0
19,retrained,0,10,1.0
20,recalibrated,0,0,0.01697503527761098
20,recalibrated,2,0,0.7343733601756726
20,recalibrated,4,0,0.908770523488392
20,recalibrated,6,0,0.9701092975387647
20,recalibrated,0,1,0.0724089932874146
20,recalibrated,2,1,0.8975478478730833
20,recalibrated,4,1,0.9757752841158015
20,recalibrated,6,1,0.9911099776283947
20,recalibrated,0,2,0.2175615986893345
20,recalibrated,2,2,0.9731079373595048
20,recalibrated,4,2,0.9963883221475307
20,recalibrated,6,2,0.9992776644295062
20,recalibrated,0,3,0.4659524952634058
20,recalibrated,2,3,0.9971106577180245
20,recalibrated,4,3,1.0
20,recalibrated,6,3,1.0
20,recalibrated,0,4,0.7502053295433683
20,recalibrated,2,4,1.0
20,recalibrated,4,4,1.0
20,recalibrated,6,4,1.0
20,recalibrated,0,5,0.9442968146599915
20,recalibrated,2,5,1.0
20,recalibrated,4,5,1.0
20,recalibrated,6,5,1.0
20,recalibrated,0,6,1.0
20,recalibrated,2,6,1.0
20,recalibrated,4,6,1.0
20,recalibrated,6,6,1.0
20,recalibrated,0,7,1.0
20,recalibrated,2,7,1.0
20,recalibrated,4,7,1.0
20,recalibrated,6,7,1.0
20,recalibrated,0,8,1.0
20,recalibrated,2,8,1.0
20,recalibrated,4,8,1.0
20,recalibrated,6,8,1.0
20,recalibrated,0,9,1.0
20,recalibrated,2,9,1.0
20,recalibrated,4,9,1.0
20,recalibrated,6,9,1.0
20,recalibrated,0,10,1.0
20,recalibrated,2,10,1.0
20,recalibrated,4,10,1.0
20,recalibrated,6,10,1.0
20,static,0,0,0.00015676638318380342
20,static,0,1,0.0025152421850860684
20,static,0,2,0.015311039981007135
20,static,0,3,0.06610071261073736
20,static,0,4,0.20253596951850877
20,static,0,5,0.4434761408839062
20,static,0,6,0.7285237191861271
20,static,0,7,0.9343376786310642
20,static,0,8,1.0
20,static,0,9,1.0
20,static,0,10,1.0
20,retrained,0,0,0.0003839689428296184
20,retrained,0,1,0.001600947998099687
20,retrained,0,2,0.006275263643300737
20,retrained,0,3,0.03220448001555089
20,retrained,0,4,0.1502761179919184
20,retrained,0,5,0.4325889730949391
20,retrained,0,6,0.829828465794233
20,retrained,0,7,1.0
20,retrained,0,8,1.0
20,retrained,0,9,1.0
20,retrained,0,10,1.0
21,recalibrated,0,0,0.02483223870352752
21,recalibrated,0,1,0.08693599183221279
21,recalibrated,0,2,0.2482591393894553
21,recalibrated,0,3,0.5067615174416976
21,recalibrated,0,4,0.7730381804395405
21,recalibrated,0,5,0.9614120532016674
21,recalibrated,0,6,1.0
21,recalibrated,0,7,1.0
21,recalibrated,0,8,1.0
21,recalibrated,0,9,1.0
21,recalibrated,0,10,1.0
21,static,0,0,0.00015676638318380342
21,static,0,1,0.0022017094187184614
21,static,0,2,0.017335042854106152
21,static,0,3,0.06667571257246697
21,static,0,4,0.19586802077504645
21,static,0,5,0.4288442320066399
21,static,0,6,0.700029773239223
21,static,0,7,0.9151793454635693
21,static,0,8,1.0
21,static,0,9,1.0
21,static,0,10,1.0
21,retrained,0,0,0.0
21,retrained,0,1,0.00043308738835104687
21,retrained,0,2,0.004105724747834016
21,retrained,0,3,0.029372493434362823
21,retrained,0,4,0.13533472255983192
21,retrained,0,5,0.4479841493818267
21,retrained,0,6,0.8625528149820934
21,retrained,0,7,1.0
21,retrained,0,8,1.0
21,retrained,0,9,1.0
21,retrained,0,10,1.0
22,recalibrated,0,0,0.020680249007394434
22,recalibrated,0,1,0.08271966122750633
22,recalibrated,0,2,0.2465524151737406
22,recalibrated,0,3,0.5062698626112615
22,recalibrated,0,4,0.7948331252407855
22,recalibrated,0,5,0.9664715657972744
22,recalibrated,0,6,1.0
22,recalibrated,0,7,1.0
22,recalibrated,0,8,1.0
22,recalibrated,0,9,1.0
22,recalibrated,0,10,1.0
22,static,0,0,0.00015676638318380342
22,static,0,1,0.0023584758019022647
22,static,0,2,0.015147293543678119
22,static,0,3,0.06343568409661268
22,static,0,4,0.1972440179529746
22,static,0,5,0.4345855425592898
22,static,0,6,0.7210332633938635
22,static,0,7,0.93335520000709
22,static,0,8,1.0
22,static,0,9,1.0
22,static,0,10,1.0
22,retrained,0,0,0.0014755092672007312
22,retrained,0,1,0.003293665738176309
22,retrained,0,2,0.008084975126815375
22,retrained,0,3,0.02458118966516773
22,retrained,0,4,0.10783121430689165
22,retrained,0,5,0.37766518957797723
22,retrained,0,6,0.7944172567342025
22,retrained,0,7,1.0
22,retrained,0,8,1.0
22,retrained,0,9,1.0
22,retrained,0,10,1.0
23,recalibrated,0,0,0.029205394706747913
23,recalibrated,0,1,0.08672157112289672
23,recalibrated,0,2,0.22656724627467512
23,recalibrated,0,3,0.468733998826984
23,recalibrated,0,4,0.7488622039551892
23,recalibrated,0,5,0.9452732371382192
23,recalibrated,0,6,1.0
23,recalibrated,0,7,1.0
23,recalibrated,0,8,1.0
23,recalibrated,0,9,1.0
23,recalibrated,0,10,1.0
23,static,0,0,0.0012541310654704274
23,static,0,1,0.00695356129324906
23,static,0,2,0.025333903258636235
23,static,0,3,0.07642692340859973
23,static,0,4,0.20206246517696824
23,static,0,5,0.430283049671875
23,static,0,6,0.71041125480008
23,static,0,7,0.9251678781406392
23,static,0,8,1.0
23,static,0,9,1.0
23,static,0,10,1.0
23,retrained,0,0,0.0
23,retrained,0,1,0.0012617104218953432
23,retrained,0,2,0.005382610153211147
23,retrained,0,3,0.013018980480090007
23,retrained,0,4,0.05540832477451964
23,retrained,0,5,0.22799778857298408
23,retrained,0,6,0.6149600542363628
23,retrained,0,7,0.9939892758239199
23,retrained,0,8,1.0
23,retrained,0,9,1.0
23,retrained,0,10,1.0
24,recalibrated,0,0,0.02395352395663098
24,recalibrated,0,1,0.0763654734343491
24,recalibrated,0,2,0.20307674574660464
24,recalibrated,0,3,0.43149821168360575
24,recalibrated,0,4,0.7288098362075551
24,recalibrated,0,5,0.9426011852702675
24,recalibrated,0,6,1.0
24,recalibrated,0,7,1.0
24,recalibrated,0,8,1.0
24,recalibrated,0,9,1.0
24,recalibrated,0,10,1.0
24,static,0,0,0.0009475783532480341
24,static,0,1,0.005835256448526794
24,static,0,2,0.020916524312908892
24,static,0,3,0.0665398863517188
24,static,0,4,0.18079052777282045
24,static,0,5,0.394026995491211
24,static,0,6,0.6850413119303836
24,static,0,7,0.9210742172074138
24,static,0,8,1.0
24,static,0,9,1.0
24,static,0,10,1.0
24,retrained,0,0,0.0010988549701290257
24,retrained,0,1,0.004395419880516103
24,retrained,0,2,0.013949416157188787
24,retrained,0,3,0.04793766915990543
24,retrained,0,4,0.1711622508583271
24,retrained,0,5,0.48923795247069124
24,retrained,0,6,0.915729696515762
24,retrained,0,7,1.0
24,retrained,0,8,1.0
24,retrained,0,9,1.0
24,retrained,0,10,1.0
25,recalibrated,0,0,0.0224473332495642
25,recalibrated,2,0,0.7515461450577093
25,recalibrated,4,0,0.9289430694888609
25,recalibrated,6,0,0.981328892942214
25,recalibrated,0,1,0.06893831224356763
25,recalibrated,2,1,0.9196511252977492
25,recalibrated,4,1,0.9880391689466622
25,recalibrated,6,1,0.9980827782844434
25,recalibrated,0,2,0.18244772876319584
25,recalibrated,2,2,0.983954170466659
25,recalibrated,4,2,0.9980827782844434
25,recalibrated,6,2,1.0
25,recalibrated,0,3,0.39918003731059776
25,recalibrated,2,3,0.9990413891422217
25,recalibrated,4,3,1.0
25,recalibrated,6,3,1.0
25,recalibrated,0,4,0.6818314803490578
25,recalibrated,2,4,1.0
25,recalibrated,4,4,1.0
25,recalibrated,6,4,1.0
25,recalibrated,0,5,0.9114206697764486
25,recalibrated,2,5,1.0
25,recalibrated,4,5,1.0
25,recalibrated,6,5,1.0
25,recalibrated,0,6,1.0
25,recalibrated,2,6,1.0
25,recalibrated,4,6,1.0
25,recalibrated,6,6,1.0
25,recalibrated,0,7,1.0
25,recalibrated,2,7,1.0
25,recalibrated,4,7,1.0
25,recalibrated,6,7,1.0
25,recalibrated,0,8,1.0
25,recalibrated,2,8,1.0
25,recalibrated,4,8,1.0
25,recalibrated,6,8,1.0
25,recalibrated,0,9,1.0
25,recalibrated,2,9,1.0
25,recalibrated,4,9,1.0
25,recalibrated,6,9,1.0
25,recalibrated,0,10,1.0
25,recalibrated,2,10,1.0
25,recalibrated,4,10,1.0
25,recalibrated,6,10,1.0
25,static,0,0,0.0006270655327352137
25,static,0,1,0.005906659585973482
25,static,0,2,0.02421908844098658
25,static,0,3,0.07357371826763782
25,static,0,4,0.19334608337089867
25,static,0,5,0.4172169171953685
25,static,0,6,0.7001773873021001
25,static,0,7,0.9213198368634075
25,static,0,8,1.0
25,static,0,9,1.0
25,static,0,10,1.0
25,retrained,0,0,5.809394000081232e-05
25,retrained,0,1,0.0006250079302629088
25,retrained,0,2,0.004753662272353995
25,retrained,0,3,0.024228998977113975
25,retrained,0,4,0.10627302554799098
25,retrained,0,5,0.35751857125541936
25,retrained,0,6,0.7576706205537218
25,retrained,0,7,1.0
25,retrained,0,8,1.0
25,retrained,0,9,1.0
25,retrained,0,10,1.0
