month,model,calib,tau,FRR,FAR,EER,kstar,kstar_d2,kstar_d4,kstar_d6
1,AP-Certified (spread),recalibrated,7.565231592951354,0.01676829268292683,0.0,0.00025406504065040653,3.0,0.0,-1.0,-1.0
1,AP-Certified (spread),static,7.510888884466533,0.018292682926829267,0.0,0.00025406504065040653,3.0,,,
1,AP-Certified (random),recalibrated,6.220379476395698,0.016260162601626018,0.0,0.0010162601626016261,2.0,,,
1,kNN,recalibrated,1.0000000000413949,0.043191056910569105,0.0,0.00025406504065040653,,,,
1,kNN,static,1.000000000051674,0.052845528455284556,0.0,0.00025406504065040653,,,,
1,LightGBM,recalibrated,0.9999984120923443,0.06300813008130081,0.0,0.0005081300813008131,,,,
1,LightGBM,static,0.9999984119724445,0.06300813008130081,0.0,0.0005081300813008131,,,,
1,MLP,recalibrated,0.9537863732452327,0.01524390243902439,0.0,0.0,,,,
1,MLP,static,0.953786373467873,0.01524390243902439,0.0,0.0,,,,
2,AP-Certified (spread),recalibrated,7.78490821541224,0.03782051282051282,0.0,0.0011217948717948717,3.0,,,
2,AP-Certified (spread),static,7.510888884466533,0.02532051282051282,0.0,0.0011217948717948717,3.0,,,
2,AP-Certified (spread),retrained,8.03899399500617,0.047115384615384615,0.0,0.0011217948717948717,4.0,,,
2,AP-Certified (random),recalibrated,6.320762844883364,0.027564102564102563,0.0009615384615384616,0.0016025641025641025,2.0,,,
2,kNN,recalibrated,1.0000000000349096,0.03782051282051282,0.0,0.0003205128205128205,,,,
2,kNN,static,1.000000000051674,0.05384615384615385,0.0,0.0003205128205128205,,,,
2,LightGBM,recalibrated,0.9999982272443986,0.055448717948717946,0.0,0.001282051282051282,,,,
2,LightGBM,static,0.9999984119724445,0.058653846153846154,0.0,0.001282051282051282,,,,
2,MLP,recalibrated,0.9457963112887473,0.02403846153846154,0.0,0.0,,,,
2,MLP,static,0.953786373467873,0.029487179487179487,0.0,0.0,,,,
3,AP-Certified (spread),recalibrated,6.842301827102698,0.01858974358974359,0.0003205128205128205,0.0020833333333333333,2.0,,,
3,AP-Certified (spread),static,7.510888884466533,0.041346153846153845,0.0,0.0020833333333333333,3.0,,,
3,AP-Certified (spread),retrained,7.015012905389984,0.022115384615384617,0.0,0.0019230769230769232,2.0,,,
3,AP-Certified (random),recalibrated,5.796212316499758,0.014423076923076924,0.0009615384615384616,0.0028846153846153848,1.0,,,
3,kNN,recalibrated,1.0000000000312042,0.03717948717948718,0.0,0.0003205128205128205,,,,
3,kNN,static,1.000000000051674,0.0532051282051282,0.0,0.0003205128205128205,,,,
3,LightGBM,recalibrated,0.999998195012045,0.06987179487179487,0.0,0.000641025641025641,,,,
3,LightGBM,static,0.9999984119724445,0.0733974358974359,0.0,0.000641025641025641,,,,
3,MLP,recalibrated,0.9288763404159581,0.029487179487179487,0.0,0.0003205128205128205,,,,
3,MLP,static,0.953786373467873,0.051923076923076926,0.0,0.0003205128205128205,,,,
4,AP-Certified (spread),recalibrated,7.37898061033258,0.05608974358974359,0.000641025641025641,0.00608974358974359,2.0,,,
4,AP-Certified (spread),static,7.510888884466533,0.06153846153846154,0.0003205128205128205,0.00608974358974359,2.0,,,
4,AP-Certified (spread),retrained,7.4288673062075885,0.05737179487179487,0.000641025641025641,0.00641025641025641,2.0,,,
4,AP-Certified (random),recalibrated,6.415928008143988,0.07083333333333333,0.001282051282051282,0.005288461538461539,1.0,,,
4,kNN,recalibrated,1.0000000000302571,0.03397435897435897,0.0,0.0003205128205128205,,,,
4,kNN,static,1.000000000051674,0.05064102564102564,0.0,0.0003205128205128205,,,,
4,LightGBM,recalibrated,0.9999982921771062,0.06987179487179487,0.0,0.002564102564102564,,,,
4,LightGBM,static,0.9999984119724445,0.07179487179487179,0.0,0.002564102564102564,,,,
4,MLP,recalibrated,0.9529669885807559,0.04294871794871795,0.0,0.0003205128205128205,,,,
4,MLP,static,0.953786373467873,0.04423076923076923,0.0,0.0003205128205128205,,,,
5,AP-Certified (spread),recalibrated,6.610938053116815,0.02564102564102564,0.0019230769230769232,0.005128205128205128,1.0,-1.0,-1.0,-1.0
5,AP-Certified (spread),static,7.510888884466533,0.06378205128205128,0.0003205128205128205,0.005128205128205128,2.0,,,
5,AP-Certified (spread),retrained,6.4476609394486735,0.01858974358974359,0.0022435897435897434,0.005288461538461539,1.0,,,
5,AP-Certified (random),recalibrated,5.786591201337287,0.032371794871794875,0.00608974358974359,0.008012820512820512,0.0,,,
5,kNN,recalibrated,1.0000000000392488,0.04583333333333333,0.0,0.0004807692307692308,,,,
5,kNN,static,1.000000000051674,0.055448717948717946,0.0,0.0004807692307692308,,,,
5,LightGBM,recalibrated,0.9999945411474714,0.04391025641025641,0.0,0.000641025641025641,,,,
5,LightGBM,static,0.9999984119724445,0.07724358974358975,0.0,0.000641025641025641,,,,
5,MLP,recalibrated,0.9140015844393939,0.027243589743589744,0.0,0.0016025641025641025,,,,
5,MLP,static,0.953786373467873,0.058012820512820515,0.0,0.0016025641025641025,,,,
6,AP-Certified (spread),recalibrated,6.922358671784869,0.020833333333333332,0.0028846153846153848,0.004647435897435897,2.0,,,
6,AP-Certified (spread),static,7.510888884466533,0.057692307692307696,0.0003205128205128205,0.004647435897435897,3.0,,,
6,AP-Certified (spread),retrained,6.673860253489466,0.01730769230769231,0.002564102564102564,0.004326923076923077,2.0,,,
6,AP-Certified (random),recalibrated,5.589504312505087,0.0125,0.0003205128205128205,0.0016025641025641025,1.0,,,
6,kNN,recalibrated,1.000000000040153,0.04519230769230769,0.0,0.0003205128205128205,,,,
6,kNN,static,1.000000000051674,0.061217948717948716,0.0,0.0003205128205128205,,,,
6,LightGBM,recalibrated,0.9999941531850303,0.01730769230769231,0.0,0.0019230769230769232,,,,
6,LightGBM,static,0.9999984119724445,0.07467948717948718,0.0,0.0019230769230769232,,,,
6,MLP,recalibrated,0.9331463579061675,0.021794871794871794,0.0,0.0003205128205128205,,,,
6,MLP,static,0.953786373467873,0.038141025641025644,0.0,0.0003205128205128205,,,,
7,AP-Certified (spread),recalibrated,7.230312899187145,0.030448717948717948,0.0003205128205128205,0.003685897435897436,2.0,,,
7,AP-Certified (spread),static,7.510888884466533,0.04519230769230769,0.0,0.003685897435897436,3.0,,,
7,AP-Certified (spread),retrained,6.944198727803668,0.016346153846153847,0.0,0.004006410256410256,2.0,,,
7,AP-Certified (random),recalibrated,5.593457641951461,0.020512820512820513,0.0016025641025641025,0.003685897435897436,1.0,,,
7,kNN,recalibrated,1.0000000000360643,0.04006410256410257,0.0,0.0,,,,
7,kNN,static,1.000000000051674,0.04775641025641025,0.0,0.0,,,,
7,LightGBM,recalibrated,0.9999967945747024,0.03974358974358974,0.0,0.0009615384615384616,,,,
7,LightGBM,static,0.9999984119724445,0.06923076923076923,0.0,0.0009615384615384616,,,,
7,MLP,recalibrated,0.9247232084724604,0.016666666666666666,0.0,0.0,,,,
7,MLP,static,0.953786373467873,0.03653846153846154,0.0,0.0,,,,
8,AP-Certified (spread),recalibrated,7.05407800242708,0.01891025641025641,0.0,0.001282051282051282,2.0,,,
8,AP-Certified (spread),static,7.510888884466533,0.03685897435897436,0.0,0.001282051282051282,3.0,,,
8,AP-Certified (spread),retrained,6.861797202932839,0.011858974358974358,0.0,0.0011217948717948717,2.0,,,
8,AP-Certified (random),recalibrated,5.59181837046013,0.009294871794871795,0.0016025641025641025,0.0014423076923076924,1.0,,,
8,kNN,recalibrated,1.000000000040718,0.04262820512820513,0.0,0.00016025641025641026,,,,
8,kNN,static,1.000000000051674,0.05352564102564102,0.0,0.00016025641025641026,,,,
8,LightGBM,recalibrated,0.9999982909070783,0.05993589743589744,0.0,0.0009615384615384616,,,,
8,LightGBM,static,0.9999984119724445,0.06346153846153846,0.0,0.0009615384615384616,,,,
8,MLP,recalibrated,0.935325086345511,0.014423076923076924,0.0,0.0,,,,
8,MLP,static,0.953786373467873,0.0266025641025641,0.0,0.0,,,,
9,AP-Certified (spread),recalibrated,6.69753728566937,0.022435897435897436,0.000641025641025641,0.004006410256410257,1.0,,,
9,AP-Certified (spread),static,7.510888884466533,0.061217948717948716,0.0,0.004006410256410257,2.0,,,
9,AP-Certified (spread),retrained,6.485162595942178,0.01858974358974359,0.0003205128205128205,0.004006410256410256,1.0,,,
9,AP-Certified (random),recalibrated,5.4861447986008205,0.014102564102564103,0.0035256410256410257,0.004807692307692308,0.0,,,
9,kNN,recalibrated,1.0000000000434877,0.04551282051282051,0.0,0.0,,,,
9,kNN,static,1.000000000051674,0.052884615384615384,0.0,0.0,,,,
9,LightGBM,recalibrated,0.9999970452773326,0.04583333333333333,0.0,0.0016025641025641025,,,,
9,LightGBM,static,0.9999984119724445,0.06891025641025642,0.0,0.0016025641025641025,,,,
9,MLP,recalibrated,0.9090945723825697,0.014423076923076924,0.0,0.000641025641025641,,,,
9,MLP,static,0.953786373467873,0.0391025641025641,0.0,0.000641025641025641,,,,
10,AP-Certified (spread),recalibrated,6.947874050606508,0.03365384615384615,0.000641025641025641,0.0057692307692307696,2.0,-1.0,-1.0,-1.0
10,AP-Certified (spread),static,7.510888884466533,0.08076923076923077,0.0,0.0057692307692307696,2.0,,,
10,AP-Certified (spread),retrained,6.813907130915344,0.03365384615384615,0.000641025641025641,0.00641025641025641,1.0,,,
10,AP-Certified (random),recalibrated,6.151591134850488,0.04807692307692308,0.002564102564102564,0.008653846153846154,1.0,,,
10,kNN,recalibrated,1.0000000000445244,0.05,0.0,0.0008012820512820513,,,,
10,kNN,static,1.000000000051674,0.06282051282051282,0.0,0.0008012820512820513,,,,
10,LightGBM,recalibrated,0.999989010654476,0.09903846153846153,0.0,0.01217948717948718,,,,
10,LightGBM,static,0.9999984119724445,0.18237179487179486,0.0,0.01217948717948718,,,,
10,MLP,recalibrated,0.919089377569505,0.028525641025641025,0.0,0.001282051282051282,,,,
10,MLP,static,0.953786373467873,0.0641025641025641,0.0,0.001282051282051282,,,,
11,AP-Certified (spread),recalibrated,7.676351617024669,0.42403846153846153,0.0003205128205128205,0.011538461538461539,2.0,,,
11,AP-Certified (spread),static,7.510888884466533,0.38493589743589746,0.0,0.011538461538461539,2.0,,,
11,AP-Certified (spread),retrained,7.722383265472704,0.42275641025641025,0.0,0.013301282051282053,2.0,,,
11,AP-Certified (random),recalibrated,6.668438978094149,0.2721153846153846,0.000641025641025641,0.012499999999999999,1.0,,,
11,kNN,recalibrated,1.0000000000414322,0.05416666666666667,0.0,0.0014423076923076924,,,,
11,kNN,static,1.000000000051674,0.06153846153846154,0.0,0.0014423076923076924,,,,
11,LightGBM,recalibrated,0.9999917300912274,0.6615384615384615,0.0,0.10256410256410256,,,,
11,LightGBM,static,0.9999984119724445,0.8730769230769231,0.0,0.10256410256410256,,,,
11,MLP,recalibrated,0.9517316818823548,0.2903846153846154,0.0,0.0003205128205128205,,,,
11,MLP,static,0.953786373467873,0.30256410256410254,0.0,0.0003205128205128205,,,,
12,AP-Certified (spread),recalibrated,5.164432573228284,0.04519230769230769,0.020512820512820513,0.026762820512820515,-1.0,,,
12,AP-Certified (spread),static,7.510888884466533,0.5144230769230769,0.0003205128205128205,0.026762820512820515,1.0,,,
12,AP-Certified (spread),retrained,6.254662092120455,0.05,0.001282051282051282,0.004967948717948718,1.0,,,
12,AP-Certified (random),recalibrated,5.045835560891169,0.03653846153846154,0.014102564102564103,0.02291666666666667,-1.0,,,
12,kNN,recalibrated,1.000000000034328,0.04455128205128205,0.0,0.0004807692307692308,,,,
12,kNN,static,1.000000000051674,0.06538461538461539,0.0,0.0004807692307692308,,,,
12,LightGBM,recalibrated,0.03574686511974379,0.06217948717948718,0.5003205128205128,0.3871794871794872,,,,
12,LightGBM,static,0.9999984119724445,1.0,0.0,0.3871794871794872,,,,
12,MLP,recalibrated,0.7681999207963509,0.03205128205128205,0.0,0.0009615384615384616,,,,
12,MLP,static,0.953786373467873,0.6705128205128205,0.0,0.0009615384615384616,,,,
13,AP-Certified (spread),recalibrated,5.307991754221048,0.040705128205128206,0.016346153846153847,0.01939102564102564,-1.0,,,
13,AP-Certified (spread),static,7.510888884466533,0.5048076923076923,0.0009615384615384616,0.01939102564102564,1.0,,,
13,AP-Certified (spread),retrained,5.743747889229178,0.021153846153846155,0.0038461538461538464,0.005929487179487179,0.0,,,
13,AP-Certified (random),recalibrated,5.052213060605929,0.041025641025641026,0.015384615384615385,0.02580128205128205,-1.0,,,
13,kNN,recalibrated,1.000000000051021,0.05961538461538462,0.0,0.0009615384615384616,,,,
13,kNN,static,1.000000000051674,0.06442307692307692,0.0,0.0009615384615384616,,,,
13,LightGBM,recalibrated,0.008456422931945934,0.03333333333333333,0.5131410256410256,0.4115384615384615,,,,
13,LightGBM,static,0.9999984119724445,1.0,0.0,0.4115384615384615,,,,
13,MLP,recalibrated,0.767430187192911,0.03076923076923077,0.0,0.000641025641025641,,,,
13,MLP,static,0.953786373467873,0.6493589743589744,0.0,0.000641025641025641,,,,
14,AP-Certified (spread),recalibrated,5.525150824709569,0.038141025641025644,0.01987179487179487,0.01939102564102564,-1.0,,,
14,AP-Certified (spread),static,7.510888884466533,0.4477564102564103,0.0,0.01939102564102564,1.0,,,
14,AP-Certified (spread),retrained,6.471740039410715,0.04455128205128205,0.0003205128205128205,0.0022435897435897434,2.0,,,
14,AP-Certified (random),recalibrated,5.250518027923123,0.032371794871794875,0.0125,0.014583333333333334,-1.0,,,
14,kNN,recalibrated,1.0000000000414069,0.052243589743589745,0.0,0.0,,,,
14,kNN,static,1.000000000051674,0.05608974358974359,0.0,0.0,,,,
14,LightGBM,recalibrated,0.009844397567958551,0.028205128205128206,0.503525641025641,0.38333333333333336,,,,
14,LightGBM,static,0.9999984119724445,1.0,0.0,0.38333333333333336,,,,
14,MLP,recalibrated,0.7981527455042563,0.02435897435897436,0.0,0.0003205128205128205,,,,
14,MLP,static,0.953786373467873,0.6080128205128205,0.0,0.0003205128205128205,,,,
15,AP-Certified (spread),recalibrated,5.452160575109667,0.041025641025641026,0.016987179487179486,0.020833333333333336,-1.0,-1.0,-1.0,-1.0
15,AP-Certified (spread),static,7.510888884466533,0.47628205128205126,0.0009615384615384616,0.020833333333333336,1.0,,,
15,AP-Certified (spread),retrained,6.168474081079457,0.027564102564102563,0.0019230769230769232,0.004166666666666667,1.0,,,
15,AP-Certified (random),recalibrated,5.181683472515243,0.03653846153846154,0.013782051282051282,0.016506410256410257,-1.0,,,
15,kNN,recalibrated,1.0000000000513778,0.05384615384615385,0.0,0.0,,,,
15,kNN,static,1.000000000051674,0.058333333333333334,0.0,0.0,,,,
15,LightGBM,recalibrated,0.010609870910052128,0.03333333333333333,0.5096153846153846,0.39487179487179486,,,,
15,LightGBM,static,0.9999984119724445,1.0,0.0,0.39487179487179486,,,,
15,MLP,recalibrated,0.798655391598743,0.03333333333333333,0.0,0.000641025641025641,,,,
15,MLP,static,0.953786373467873,0.6198717948717949,0.0,0.000641025641025641,,,,
16,AP-Certified (spread),recalibrated,5.595954861255359,0.05961538461538462,0.013461538461538462,0.020352564102564103,-1.0,,,
16,AP-Certified (spread),static,7.510888884466533,0.45897435897435895,0.0009615384615384616,0.020352564102564103,1.0,,,
16,AP-Certified (spread),retrained,6.870874358398256,0.1076923076923077,0.0003205128205128205,0.003685897435897436,2.0,,,
16,AP-Certified (random),recalibrated,5.547540863001912,0.10448717948717949,0.007692307692307693,0.023237179487179488,0.0,,,
16,kNN,recalibrated,1.0000000000331069,0.03461538461538462,0.0,0.0004807692307692308,,,,
16,kNN,static,1.000000000051674,0.05576923076923077,0.0,0.0004807692307692308,,,,
16,LightGBM,recalibrated,0.046174244931387866,0.07916666666666666,0.5,0.39807692307692305,,,,
16,LightGBM,static,0.9999984119724445,1.0,0.0,0.39807692307692305,,,,
16,MLP,recalibrated,0.8265077480962659,0.05705128205128205,0.0,0.0009615384615384616,,,,
16,MLP,static,0.953786373467873,0.6323717948717948,0.0,0.0009615384615384616,,,,
17,AP-Certified (spread),recalibrated,5.3893287008759385,0.057692307692307696,0.022435897435897436,0.030288461538461542,-1.0,,,
17,AP-Certified (spread),static,7.510888884466533,0.5016025641025641,0.000641025641025641,0.030288461538461542,1.0,,,
17,AP-Certified (spread),retrained,6.1250273438711025,0.05897435897435897,0.0016025641025641025,0.008173076923076922,1.0,,,
17,AP-Certified (random),recalibrated,5.096455869923112,0.06185897435897436,0.011858974358974358,0.029166666666666667,-1.0,,,
17,kNN,recalibrated,1.0000000000444003,0.05448717948717949,0.0,0.0011217948717948717,,,,
17,kNN,static,1.000000000051674,0.058012820512820515,0.0,0.0011217948717948717,,,,
17,LightGBM,recalibrated,0.009679933556070414,0.03685897435897436,0.5092948717948718,0.45064102564102565,,,,
17,LightGBM,static,0.9999984119724445,1.0,0.0,0.45064102564102565,,,,
17,MLP,recalibrated,0.8064506059575086,0.06378205128205128,0.0,0.002564102564102564,,,,
17,MLP,static,0.953786373467873,0.7576923076923077,0.0,0.002564102564102564,,,,
18,AP-Certified (spread),recalibrated,5.015113032424964,0.02564102564102564,0.025961538461538463,0.02532051282051282,-1.0,,,
18,AP-Certified (spread),static,7.510888884466533,0.5176282051282052,0.0003205128205128205,0.02532051282051282,1.0,,,
18,AP-Certified (spread),retrained,5.938804595653673,0.04262820512820513,0.008653846153846154,0.015064102564102564,0.0,,,
18,AP-Certified (random),recalibrated,4.94164747338422,0.03621794871794872,0.01987179487179487,0.02676282051282051,-1.0,,,
18,kNN,recalibrated,1.0000000000329603,0.040705128205128206,0.0,0.0008012820512820513,,,,
18,kNN,static,1.000000000051674,0.05673076923076923,0.0,0.0008012820512820513,,,,
18,LightGBM,recalibrated,0.00974483701649691,0.0375,0.507051282051282,0.43493589743589745,,,,
18,LightGBM,static,0.9999984119724445,1.0,0.0,0.43493589743589745,,,,
18,MLP,recalibrated,0.7808425428761628,0.041025641025641026,0.0,0.001282051282051282,,,,
18,MLP,static,0.953786373467873,0.7144230769230769,0.0,0.001282051282051282,,,,
19,AP-Certified (spread),recalibrated,4.980047319179663,0.01282051282051282,0.035576923076923075,0.023717948717948717,-1.0,,,
19,AP-Certified (spread),static,7.510888884466533,0.4634615384615385,0.0003205128205128205,0.023717948717948717,1.0,,,
19,AP-Certified (spread),retrained,5.428789850855214,0.010256410256410256,0.004807692307692308,0.004487179487179487,0.0,,,
19,AP-Certified (random),recalibrated,4.868360110801024,0.023076923076923078,0.032371794871794875,0.021153846153846155,-1.0,,,
19,kNN,recalibrated,1.0000000000337788,0.0532051282051282,0.0,0.0008012820512820513,,,,
19,kNN,static,1.000000000051674,0.07179487179487179,0.0,0.0008012820512820513,,,,
19,LightGBM,recalibrated,0.03247774475215218,0.06538461538461539,0.5,0.43846153846153846,,,,
19,LightGBM,static,0.9999984119724445,1.0,0.0,0.43846153846153846,,,,
19,MLP,recalibrated,0.7674100399348293,0.03397435897435897,0.0,0.001282051282051282,,,,
19,MLP,static,0.953786373467873,0.680448717948718,0.0,0.001282051282051282,,,,
20,AP-Certified (spread),recalibrated,5.4334013422963245,0.02532051282051282,0.01858974358974359,0.017788461538461538,-1.0,-1.0,-1.0,-1.0
20,AP-Certified (spread),static,7.510888884466533,0.3942307692307692,0.0003205128205128205,0.017788461538461538,1.0,,,
20,AP-Certified (spread),retrained,6.401008449185795,0.02467948717948718,0.0003205128205128205,0.0020833333333333333,2.0,,,
20,AP-Certified (random),recalibrated,5.358377744596475,0.046153846153846156,0.013782051282051282,0.016666666666666666,-1.0,,,
20,kNN,recalibrated,1.0000000000145128,0.023717948717948717,0.0,0.0004807692307692308,,,,
20,kNN,static,1.000000000051674,0.058653846153846154,0.0,0.0004807692307692308,,,,
20,LightGBM,recalibrated,0.010472177804063202,0.03942307692307692,0.507051282051282,0.4567307692307692,,,,
20,LightGBM,static,0.9999984119724445,1.0,0.0,0.4567307692307692,,,,
20,MLP,recalibrated,0.7872565991875566,0.02403846153846154,0.0,0.0009615384615384616,,,,
20,MLP,static,0.953786373467873,0.5942307692307692,0.0,0.0009615384615384616,,,,
21,AP-Certified (spread),recalibrated,5.232421610059454,0.014102564102564103,0.025,0.017948717948717947,-1.0,,,
21,AP-Certified (spread),static,7.510888884466533,0.4041666666666667,0.0,0.017948717948717947,1.0,,,
21,AP-Certified (spread),retrained,6.324383674172367,0.023397435897435898,0.0,0.0004807692307692308,2.0,,,
21,AP-Certified (random),recalibrated,5.105769736395273,0.020192307692307693,0.01730769230769231,0.014743589743589743,-1.0,,,
21,kNN,recalibrated,1.0000000000228018,0.03076923076923077,0.0,0.0,,,,
21,kNN,static,1.000000000051674,0.05384615384615385,0.0,0.0,,,,
21,LightGBM,recalibrated,0.011111721429923059,0.03333333333333333,0.5073717948717948,0.4477564102564103,,,,
21,LightGBM,static,0.9999984119724445,1.0,0.0,0.4477564102564103,,,,
21,MLP,recalibrated,0.7837009436322174,0.017948717948717947,0.0,0.0,,,,
21,MLP,static,0.953786373467873,0.6099358974358975,0.0,0.0,,,,
22,AP-Certified (spread),recalibrated,5.257023869072491,0.014423076923076924,0.01955128205128205,0.01698717948717949,-1.0,,,
22,AP-Certified (spread),static,7.510888884466533,0.3737179487179487,0.0,0.01698717948717949,1.0,,,
22,AP-Certified (spread),retrained,6.4654703621112395,0.0266025641025641,0.0019230769230769232,0.002564102564102564,2.0,,,
22,AP-Certified (random),recalibrated,5.274600058305855,0.035897435897435895,0.015705128205128205,0.016506410256410257,-1.0,,,
22,kNN,recalibrated,1.000000000028841,0.04487179487179487,0.0,0.0,,,,
22,kNN,static,1.000000000051674,0.06794871794871794,0.0,0.0,,,,
22,LightGBM,recalibrated,0.007764303226917587,0.021794871794871794,0.5099358974358974,0.4532051282051282,,,,
22,LightGBM,static,0.9999984119724445,1.0,0.0,0.4532051282051282,,,,
22,MLP,recalibrated,0.8081688890621962,0.023076923076923078,0.0,0.0,,,,
22,MLP,static,0.953786373467873,0.5871794871794872,0.0,0.0,,,,
23,AP-Certified (spread),recalibrated,5.373626914942574,0.033012820512820513,0.03108974358974359,0.02548076923076923,-1.0,,,
23,AP-Certified (spread),static,7.510888884466533,0.4025641025641026,0.001282051282051282,0.02548076923076923,1.0,,,
23,AP-Certified (spread),retrained,7.015865870921632,0.061217948717948716,0.0,0.0027243589743589742,2.0,,,
23,AP-Certified (random),recalibrated,5.353427145362151,0.058653846153846154,0.015705128205128205,0.021314102564102565,-1.0,,,
23,kNN,recalibrated,1.000000000043522,0.05961538461538462,0.0,0.0017628205128205126,,,,
23,kNN,static,1.000000000051674,0.06570512820512821,0.0,0.0017628205128205126,,,,
23,LightGBM,recalibrated,0.014487462887823294,0.04775641025641025,0.5019230769230769,0.44743589743589746,,,,
23,LightGBM,static,0.9999984119724445,1.0,0.0,0.44743589743589746,,,,
23,MLP,recalibrated,0.8198261858306709,0.04455128205128205,0.0,0.001282051282051282,,,,
23,MLP,static,0.953786373467873,0.6192307692307693,0.0,0.001282051282051282,,,,
24,AP-Certified (spread),recalibrated,5.371544194931049,0.05352564102564102,0.022115384615384617,0.03237179487179487,-1.0,,,
24,AP-Certified (spread),static,7.510888884466533,0.44326923076923075,0.000641025641025641,0.03237179487179487,1.0,,,
24,AP-Certified (spread),retrained,6.190524164399147,0.058653846153846154,0.0009615384615384616,0.009615384615384616,1.0,,,
24,AP-Certified (random),recalibrated,5.005980821393385,0.05897435897435897,0.01282051282051282,0.03477564102564103,-1.0,,,
24,kNN,recalibrated,1.00000000002459,0.046474358974358976,0.0,0.001923076923076923,,,,
24,kNN,static,1.000000000051674,0.07147435897435897,0.0,0.001923076923076923,,,,
24,LightGBM,recalibrated,0.0038561836310716958,0.03653846153846154,0.5128205128205128,0.45897435897435895,,,,
24,LightGBM,static,0.9999984119724445,1.0,0.0,0.45897435897435895,,,,
24,MLP,recalibrated,0.8168887503083592,0.09230769230769231,0.0,0.001282051282051282,,,,
24,MLP,static,0.953786373467873,0.6673076923076923,0.0,0.001282051282051282,,,,
25,AP-Certified (spread),recalibrated,5.575166514666973,0.03205128205128205,0.022916666666666665,0.022996794871794873,-1.0,-1.0,-1.0,-1.0
25,AP-Certified (spread),static,7.510888884466533,0.35176282051282054,0.0003205128205128205,0.022996794871794873,1.0,,,
25,AP-Certified (spread),retrained,6.637493814394931,0.027243589743589744,0.00016025641025641026,0.0007211538461538462,2.0,,,
25,AP-Certified (random),recalibrated,5.1461148218440025,0.030608974358974358,0.020192307692307693,0.019150641025641027,-1.0,,,
25,kNN,recalibrated,1.0000000000349683,0.03958333333333333,0.0,0.0003205128205128205,,,,
25,kNN,static,1.000000000051674,0.055608974358974356,0.0,0.0003205128205128205,,,,
25,LightGBM,recalibrated,0.009477630546297376,0.028685897435897435,0.5088141025641025,0.44294871794871793,,,,
25,LightGBM,static,0.9999984119724445,1.0,0.0,0.44294871794871793,,,,
25,MLP,recalibrated,0.8060731895841022,0.029487179487179487,0.0,0.0003205128205128205,,,,
25,MLP,static,0.953786373467873,0.6493589743589744,0.0,0.0003205128205128205,,,,
