G,theta,power,EER,FRR,kstar
5,0.3,1.0,0.0017361111111111,0.0572916666666666,2
5,0.3,2.718281828459045,0.0086805555555555,0.0590277777777777,1
5,0.5,1.0,0.0017361111111111,0.0607638888888888,2
5,0.5,2.718281828459045,0.0026041666666666,0.0625,1
5,0.7,1.0,0.0017361111111111,0.0746527777777777,2
5,0.7,2.718281828459045,0.0052083333333333,0.078125,1
10,0.3,1.0,0.0086805555555555,0.0555555555555555,2
10,0.3,2.718281828459045,0.0173611111111111,0.0607638888888888,1
10,0.5,1.0,0.0026041666666666,0.0538194444444444,3
10,0.5,2.718281828459045,0.0138888888888888,0.0607638888888888,1
10,0.7,1.0,0.0034722222222222,0.0416666666666666,3
10,0.7,2.718281828459045,0.0112847222222222,0.0555555555555555,2
15,0.3,1.0,0.0269097222222222,0.0503472222222222,-1
15,0.3,2.718281828459045,0.0373263888888888,0.0486111111111111,-1
15,0.5,1.0,0.0182291666666666,0.0572916666666666,0
15,0.5,2.718281828459045,0.0277777777777777,0.0677083333333333,-1
15,0.7,1.0,0.0130208333333333,0.0659722222222222,1
15,0.7,2.718281828459045,0.0225694444444444,0.0659722222222222,0
20,0.3,1.0,0.0572916666666666,0.0434027777777777,-1
20,0.3,2.718281828459045,0.0581597222222222,0.0520833333333333,-1
20,0.5,1.0,0.0451388888888888,0.0538194444444444,-1
20,0.5,2.718281828459045,0.0512152777777777,0.0555555555555555,-1
20,0.7,1.0,0.0381944444444444,0.0555555555555555,-1
20,0.7,2.718281828459045,0.0364583333333333,0.0625,-1
