attack,model,k,success,certified
spoof,AP-Certified,0,0.0,0.0
spoof,AP-Certified,1,0.0,0.0035436990034830806
spoof,AP-Certified,2,0.013333333333333334,0.013333333333333334
spoof,AP-Certified,3,0.013333333333333334,0.020210365670149746
spoof,AP-Certified,4,0.02666666666666667,0.037087398006966164
spoof,AP-Certified,5,0.06,0.11657774252612306
spoof,AP-Certified,6,0.13333333333333333,0.2309629042102052
spoof,kNN,0,0.02,
spoof,kNN,1,0.02,
spoof,kNN,2,0.02,
spoof,kNN,3,0.02,
spoof,kNN,4,0.02,
spoof,kNN,5,0.02,
spoof,kNN,6,0.02,
spoof,LightGBM,0,0.02,
spoof,LightGBM,1,0.29333333333333333,
spoof,LightGBM,2,0.48,
spoof,LightGBM,3,0.48,
spoof,LightGBM,4,0.48,
spoof,LightGBM,5,0.48,
spoof,LightGBM,6,0.48,
spoof,MLP,0,0.013333333333333334,
spoof,MLP,1,0.013333333333333334,
spoof,MLP,2,0.013333333333333334,
spoof,MLP,3,0.02,
spoof,MLP,4,0.03333333333333333,
spoof,MLP,5,0.04666666666666667,
spoof,MLP,6,0.06,
compromise,AP-Certified,0,0.0,0.0
compromise,AP-Certified,1,0.0,0.0035436990034830806
compromise,AP-Certified,2,0.013333333333333334,0.013333333333333334
compromise,AP-Certified,3,0.013333333333333334,0.020210365670149746
compromise,AP-Certified,4,0.02,0.037087398006966164
compromise,AP-Certified,5,0.03333333333333333,0.11657774252612306
compromise,AP-Certified,6,0.04666666666666667,0.2309629042102052
compromise,kNN,0,0.02,
compromise,kNN,1,0.02,
compromise,kNN,2,0.02,
compromise,kNN,3,0.02,
compromise,kNN,4,0.02,
compromise,kNN,5,0.02,
compromise,kNN,6,0.02,
compromise,LightGBM,0,0.02,
compromise,LightGBM,1,0.3333333333333333,
compromise,LightGBM,2,0.64,
compromise,LightGBM,3,0.6733333333333333,
compromise,LightGBM,4,0.72,
compromise,LightGBM,5,0.72,
compromise,LightGBM,6,0.74,
compromise,MLP,0,0.013333333333333334,
compromise,MLP,1,0.013333333333333334,
compromise,MLP,2,0.013333333333333334,
compromise,MLP,3,0.013333333333333334,
compromise,MLP,4,0.02,
compromise,MLP,5,0.02,
compromise,MLP,6,0.03333333333333333,
