task,m,split,model,FRR,FAR,EER,kstar,G,theta,power,c,k0,k1,k2,k3,k4,k5,k6,k7,k8,k9,k10
mall2_floor,1,0,AP-Certified (one-sided),0.05086327578161456,0.03546430237984134,0.044447036864209054,-1.0,10.0,0.6,2.718281828459045,inf,0.03532715753359127,0.06885696423785391,0.12124243606506395,0.22173035855587725,0.4996363239627877,1.0,1.0,1.0,1.0,1.0,1.0
mall2_floor,1,0,AP-Certified (symmetric),0.04759682687820812,0.01726551563229118,0.03114792347176855,-1.0,10.0,0.7,2.718281828459045,-inf,0.018531753511082556,0.041477860635010716,0.08194232249465179,0.15833316851016369,0.2848151116522249,0.47787711915733033,0.9481803340255126,1.0,1.0,1.0,1.0
mall2_floor,1,0,AP-Certified (hybrid),0.04899673355109659,0.02006532897806813,0.03114792347176855,-1.0,10.0,0.7,2.718281828459045,4.0,0.019085511261663878,0.04235361697759774,0.07893020388351,0.16373082342754022,0.29440004977856027,0.49220902822281604,0.976646993619075,1.0,1.0,1.0,1.0
mall2_floor,1,0,kNN,0.05272981801213252,0.011199253383107793,0.028114792347176856,,,,,,,,,,,,,,,,
mall2_floor,1,0,LightGBM,0.04899673355109659,0.0072328511432571164,0.018665422305179653,,,,,,,,,,,,,,,,
mall2_floor,1,0,MLP,0.061829211385907606,0.0011665888940737283,0.005132991133924405,,,,,,,,,,,,,,,,
mall2_floor,1,1,AP-Certified (one-sided),0.06888720666161999,0.03280343174362856,0.049709815796114054,-1.0,10.0,0.6,2.718281828459045,inf,0.03300792142360872,0.06720601276161345,0.12063908522909429,0.20899943075896307,0.37300799455946065,0.9659476509326793,1.0,1.0,1.0,1.0,1.0
mall2_floor,1,1,AP-Certified (symmetric),0.06585919757759273,0.01690638405248549,0.035705273782488015,-1.0,10.0,0.7,2.718281828459045,-inf,0.016645960421800166,0.040607853728408,0.08310821313433303,0.16172608388819748,0.2837803770443337,0.47943486167312077,0.8690152734984689,1.0,1.0,1.0,1.0
mall2_floor,1,1,AP-Certified (hybrid),0.06484986121625032,0.02094372949785516,0.03583144082765582,-1.0,10.0,0.7,2.718281828459045,4.0,0.019489733401794666,0.045355336927451986,0.0869877265727604,0.17626214170315846,0.3112465408267969,0.5196240058618581,0.934005632871058,1.0,1.0,1.0,1.0
mall2_floor,1,1,kNN,0.07241988392631844,0.009084027252081756,0.030153923795104717,,,,,,,,,,,,,,,,
mall2_floor,1,1,LightGBM,0.07141054756497603,0.004542013626040878,0.02371940449154681,,,,,,,,,,,,,,,,
mall2_floor,1,1,MLP,0.05929851122886702,0.0005046681806712087,0.0047943477163764825,,,,,,,,,,,,,,,,
mall2_floor,1,2,AP-Certified (one-sided),0.04666958808063103,0.037467134092900964,0.043382997370727434,-1.0,10.0,0.6,2.718281828459045,inf,0.03867299165591095,0.06960681372914358,0.12503342763604167,0.23147635133280509,0.538071204621746,1.0,1.0,1.0,1.0,1.0,1.0
mall2_floor,1,2,AP-Certified (symmetric),0.03724802804557406,0.02081507449605609,0.028812445223488165,-1.0,10.0,0.7,2.718281828459045,-inf,0.021375601167628867,0.0446303470714228,0.09385825260380043,0.18023739471134417,0.3302813610751346,0.589009956658455,1.0,1.0,1.0,1.0,1.0
mall2_floor,1,2,AP-Certified (hybrid),0.03834355828220859,0.022787028921998246,0.02892199824715162,-1.0,10.0,0.7,2.718281828459045,4.0,0.022632902170083895,0.046216338158502075,0.09144293964716427,0.18873031916576571,0.34437992282768254,0.6267136267047567,1.0,1.0,1.0,1.0,1.0
mall2_floor,1,2,kNN,0.028921998247151623,0.010078878177037686,0.017528483786152498,,,,,,,,,,,,,,,,
mall2_floor,1,2,LightGBM,0.034399649430324274,0.007011393514460999,0.014680105170902716,,,,,,,,,,,,,,,,
mall2_floor,1,2,MLP,0.033304119193689745,0.0010955302366345311,0.005039439088518843,,,,,,,,,,,,,,,,
mall2_floor,1,3,AP-Certified (one-sided),0.03810175678758841,0.04220853296828656,0.039356605065023954,-1.0,10.0,0.6,2.718281828459045,inf,0.04296406820077764,0.08149380711622883,0.14732016534562503,0.26849941803887123,0.6546924249458045,1.0,1.0,1.0,1.0,1.0,1.0
mall2_floor,1,3,AP-Certified (symmetric),0.04403376682637463,0.017339721651836643,0.028975587497148073,-1.0,10.0,0.7,2.718281828459045,-inf,0.018173548599743735,0.043394584354035454,0.08817364896891572,0.16340232614593347,0.29306551998491653,0.5061230092045484,0.9940527375416381,1.0,1.0,1.0,1.0
mall2_floor,1,3,AP-Certified (hybrid),0.04403376682637463,0.019393109742185718,0.028975587497148073,-1.0,10.0,0.7,2.718281828459045,4.0,0.019462830798857703,0.04549967762631939,0.0880911349655047,0.1716634056772125,0.3073092343758085,0.543821611571521,1.0,1.0,1.0,1.0,1.0
mall2_floor,1,3,kNN,0.04722792607802875,0.009126169290440338,0.022245037645448322,,,,,,,,,,,,,,,,
mall2_floor,1,3,LightGBM,0.048825005703855805,0.006388318503308237,0.016198950490531598,,,,,,,,,,,,,,,,
mall2_floor,1,3,MLP,0.04175222450376454,0.0018252338580880675,0.005703855806525211,,,,,,,,,,,,,,,,
mall2_floor,1,4,AP-Certified (one-sided),0.0445988346033169,0.04056476916181085,0.04235768713581354,-1.0,10.0,0.6,2.718281828459045,inf,0.0403059162617044,0.07615648134100952,0.13306603821409757,0.24190523065198596,0.5836492358934866,1.0,1.0,1.0,1.0,1.0,1.0
mall2_floor,1,4,AP-Certified (symmetric),0.04683998207082026,0.01927386822052891,0.0316001792917974,-1.0,10.0,0.7,2.718281828459045,-inf,0.019969625515615957,0.043835392023989284,0.0873119550511243,0.1625889282298095,0.2941485362949546,0.5088813386579553,0.9894362312252062,1.0,1.0,1.0,1.0
mall2_floor,1,4,AP-Certified (hybrid),0.043702375616315556,0.02218735992828328,0.03171223666517257,-1.0,10.0,0.7,2.718281828459045,4.0,0.022004272521052227,0.04686036187889373,0.08927270751350425,0.17534392877250218,0.31553638871929746,0.5657057073167794,1.0,1.0,1.0,1.0,1.0
mall2_floor,1,4,kNN,0.043702375616315556,0.009636934110264455,0.022635589421783953,,,,,,,,,,,,,,,,
mall2_floor,1,4,LightGBM,0.04101299865531152,0.005154639175257732,0.014567458538771852,,,,,,,,,,,,,,,,
mall2_floor,1,4,MLP,0.04661586732406992,0.0011205737337516809,0.004258180188256387,,,,,,,,,,,,,,,,
