G,theta,power,c,kstar,EER
5,0.6,1.0,inf,0,0.01766304347826087
5,0.6,1.0,6.0,0,0.01766304347826087
5,0.6,1.0,4.0,0,0.01766304347826087
5,0.6,1.0,2.0,0,0.021286231884057972
5,0.6,1.0,0.0,0,0.021286231884057972
5,0.6,1.0,-2.0,0,0.021286231884057972
5,0.6,1.0,-inf,0,0.021286231884057972
5,0.6,2.718281828459045,inf,-1,0.017210144927536232
5,0.6,2.718281828459045,6.0,0,0.017210144927536232
5,0.6,2.718281828459045,4.0,0,0.01539855072463768
5,0.6,2.718281828459045,2.0,0,0.01539855072463768
5,0.6,2.718281828459045,0.0,0,0.01539855072463768
5,0.6,2.718281828459045,-2.0,0,0.01539855072463768
5,0.6,2.718281828459045,-inf,0,0.01539855072463768
5,0.7,1.0,inf,0,0.020833333333333336
5,0.7,1.0,6.0,0,0.020833333333333336
5,0.7,1.0,4.0,0,0.020833333333333336
5,0.7,1.0,2.0,0,0.020833333333333332
5,0.7,1.0,0.0,0,0.020833333333333332
5,0.7,1.0,-2.0,0,0.020833333333333332
5,0.7,1.0,-inf,0,0.020833333333333332
5,0.7,2.718281828459045,inf,-1,0.017210144927536232
5,0.7,2.718281828459045,6.0,-1,0.017210144927536232
5,0.7,2.718281828459045,4.0,-1,0.017210144927536232
5,0.7,2.718281828459045,2.0,-1,0.013586956521739132
5,0.7,2.718281828459045,0.0,0,0.013586956521739132
5,0.7,2.718281828459045,-2.0,0,0.013586956521739132
5,0.7,2.718281828459045,-inf,0,0.013586956521739132
10,0.6,1.0,inf,0,0.02309782608695652
10,0.6,1.0,6.0,1,0.017210144927536232
10,0.6,1.0,4.0,0,0.019021739130434784
10,0.6,1.0,2.0,1,0.019927536231884056
10,0.6,1.0,0.0,1,0.019927536231884056
10,0.6,1.0,-2.0,1,0.019927536231884056
10,0.6,1.0,-inf,1,0.019927536231884056
10,0.6,2.718281828459045,inf,0,0.018115942028985508
10,0.6,2.718281828459045,6.0,0,0.014039855072463768
10,0.6,2.718281828459045,4.0,0,0.014492753623188406
10,0.6,2.718281828459045,2.0,0,0.014492753623188406
10,0.6,2.718281828459045,0.0,0,0.014492753623188406
10,0.6,2.718281828459045,-2.0,0,0.014492753623188406
10,0.6,2.718281828459045,-inf,0,0.014492753623188406
10,0.7,1.0,inf,1,0.02355072463768116
10,0.7,1.0,6.0,1,0.018115942028985508
10,0.7,1.0,4.0,0,0.018115942028985508
10,0.7,1.0,2.0,1,0.018568840579710144
10,0.7,1.0,0.0,1,0.018568840579710144
10,0.7,1.0,-2.0,1,0.018568840579710144
10,0.7,1.0,-inf,1,0.018568840579710144
10,0.7,2.718281828459045,inf,0,0.021286231884057972
10,0.7,2.718281828459045,6.0,0,0.014945652173913044
10,0.7,2.718281828459045,4.0,0,0.012228260869565218
10,0.7,2.718281828459045,2.0,0,0.013134057971014492
10,0.7,2.718281828459045,0.0,0,0.013134057971014492
10,0.7,2.718281828459045,-2.0,0,0.013134057971014492
10,0.7,2.718281828459045,-inf,0,0.013134057971014492
15,0.6,1.0,inf,0,0.01585144927536232
15,0.6,1.0,6.0,0,0.011322463768115942
15,0.6,1.0,4.0,1,0.011322463768115942
15,0.6,1.0,2.0,0,0.010869565217391304
15,0.6,1.0,0.0,1,0.010869565217391304
15,0.6,1.0,-2.0,1,0.010869565217391304
15,0.6,1.0,-inf,1,0.010869565217391304
15,0.6,2.718281828459045,inf,-1,0.017210144927536232
15,0.6,2.718281828459045,6.0,0,0.007246376811594203
15,0.6,2.718281828459045,4.0,0,0.007246376811594203
15,0.6,2.718281828459045,2.0,0,0.006793478260869565
15,0.6,2.718281828459045,0.0,0,0.006793478260869565
15,0.6,2.718281828459045,-2.0,0,0.006793478260869565
15,0.6,2.718281828459045,-inf,0,0.006793478260869565
15,0.7,1.0,inf,0,0.016304347826086956
15,0.7,1.0,6.0,1,0.010869565217391304
15,0.7,1.0,4.0,1,0.009057971014492754
15,0.7,1.0,2.0,1,0.008605072463768116
15,0.7,1.0,0.0,0,0.008605072463768116
15,0.7,1.0,-2.0,1,0.008605072463768116
15,0.7,1.0,-inf,1,0.008605072463768116
15,0.7,2.718281828459045,inf,-1,0.01539855072463768
15,0.7,2.718281828459045,6.0,0,0.009510869565217392
15,0.7,2.718281828459045,4.0,0,0.009510869565217392
15,0.7,2.718281828459045,2.0,0,0.009057971014492754
15,0.7,2.718281828459045,0.0,0,0.009057971014492754
15,0.7,2.718281828459045,-2.0,0,0.009057971014492754
15,0.7,2.718281828459045,-inf,1,0.009057971014492754
20,0.6,1.0,inf,-1,0.021739130434782608
20,0.6,1.0,6.0,0,0.013586956521739132
20,0.6,1.0,4.0,0,0.013586956521739132
20,0.6,1.0,2.0,0,0.013586956521739132
20,0.6,1.0,0.0,0,0.013586956521739132
20,0.6,1.0,-2.0,0,0.013586956521739132
20,0.6,1.0,-inf,0,0.013586956521739132
20,0.6,2.718281828459045,inf,-1,0.026268115942028984
20,0.6,2.718281828459045,6.0,0,0.014039855072463768
20,0.6,2.718281828459045,4.0,0,0.014039855072463768
20,0.6,2.718281828459045,2.0,0,0.014039855072463768
20,0.6,2.718281828459045,0.0,0,0.014039855072463768
20,0.6,2.718281828459045,-2.0,0,0.014039855072463768
20,0.6,2.718281828459045,-inf,0,0.014039855072463768
20,0.7,1.0,inf,-1,0.02309782608695652
20,0.7,1.0,6.0,0,0.014945652173913044
20,0.7,1.0,4.0,0,0.014945652173913044
20,0.7,1.0,2.0,0,0.014945652173913044
20,0.7,1.0,0.0,0,0.014945652173913044
20,0.7,1.0,-2.0,0,0.014945652173913044
20,0.7,1.0,-inf,0,0.014945652173913044
20,0.7,2.718281828459045,inf,-1,0.021739130434782608
20,0.7,2.718281828459045,6.0,0,0.014945652173913044
20,0.7,2.718281828459045,4.0,0,0.014039855072463768
20,0.7,2.718281828459045,2.0,0,0.01539855072463768
20,0.7,2.718281828459045,0.0,0,0.01539855072463768
20,0.7,2.718281828459045,-2.0,0,0.01539855072463768
20,0.7,2.718281828459045,-inf,0,0.01539855072463768
