setting,split,source_kstar,sweep_kstar,deploy_kstar
UJI building,0,4.0,3,3
UJI building,1,4.0,3,3
UJI building,2,4.0,3,4
UJI building,3,4.0,3,3
UJI building,4,4.0,3,4
Library floor,0,4.0,4,4
Library floor,1,4.0,4,4
Library floor,2,4.0,4,4
Library floor,3,4.0,4,4
Library floor,4,4.0,4,4
Library half-floor,0,0.0,-1,-1
Library half-floor,1,0.0,-1,-1
Library half-floor,2,0.0,-1,-1
Library half-floor,3,0.0,-1,-1
Library half-floor,4,0.0,-1,-1
SOD CETC331 floor,0,10.0,8,8
SOD CETC331 floor,1,10.0,8,8
SOD CETC331 floor,2,10.0,8,8
SOD CETC331 floor,3,10.0,7,8
SOD CETC331 floor,4,10.0,8,8
SOD SYL region,0,2.0,-1,-1
SOD SYL region,1,2.0,-1,-1
SOD SYL region,2,2.0,-1,-1
SOD SYL region,3,2.0,0,-1
SOD SYL region,4,2.0,-1,-1
SOD HCXY region,0,1.0,-1,0
SOD HCXY region,1,1.0,1,-1
SOD HCXY region,2,1.0,6,2
SOD HCXY region,3,1.0,3,1
SOD HCXY region,4,1.0,0,-1
Tampere floor,0,-1.0,-1,-1
Tampere floor,1,-1.0,-1,-1
Tampere floor,2,-1.0,-1,-1
Tampere floor,3,-1.0,-1,-1
Tampere floor,4,-1.0,-1,-1
Mall 1 floor,0,1.0,-1,-1
Mall 1 floor,1,1.0,-1,-1
Mall 1 floor,2,1.0,-1,-1
Mall 1 floor,3,1.0,-1,-1
Mall 1 floor,4,1.0,-1,-1
Mall 2 floor,0,2.0,-1,-1
Mall 2 floor,1,2.0,-1,-1
Mall 2 floor,2,2.0,-1,-1
Mall 2 floor,3,2.0,-1,-1
Mall 2 floor,4,2.0,-1,-1
