setting,split,frac,n_pos_sweep,n_pos,n_gen_sweep,n_imp_sweep,n_imp_dep,n_pos_dep,tau,FRR_dep,k_sweep,k_sweep_cp,k_dep,k_dep_cp,k_dep_cp_pos
UJI building,0,0.05,55,1111,55,110,1112,556,7.11668573415062,0.11330935251798561,5,-1,4,3,0
UJI building,0,0.1,112,1111,112,224,1112,556,6.306408415529266,0.05755395683453238,3,-1,3,3,0
UJI building,0,0.25,277,1111,277,554,1112,556,6.435589675887348,0.06474820143884892,4,0,3,2,3
UJI building,0,0.5,555,1111,555,1110,1112,556,6.610139304587394,0.0737410071942446,4,3,4,3,-1
UJI building,1,0.05,55,1111,55,110,1112,556,4.914892999955374,0.01618705035971223,2,-1,2,2,1
UJI building,1,0.1,112,1111,112,224,1112,556,6.350971743618837,0.05575539568345324,4,-1,3,3,3
UJI building,1,0.25,277,1111,277,554,1112,556,6.6854768385048455,0.08812949640287769,4,0,4,3,2
UJI building,1,0.5,555,1111,555,1110,1112,556,6.484507750703317,0.06115107913669065,4,3,4,3,0
UJI building,2,0.05,55,1111,55,110,1112,556,4.179399627380471,0.0,1,-1,2,1,0
UJI building,2,0.1,112,1111,112,224,1112,556,6.386924392755117,0.046762589928057555,4,-1,4,3,3
UJI building,2,0.25,277,1111,277,554,1112,556,6.254292120323914,0.044964028776978415,3,-1,4,3,2
UJI building,2,0.5,555,1111,555,1110,1112,556,6.1647440475342385,0.04136690647482014,3,2,3,3,2
UJI building,3,0.05,55,1111,55,110,1112,556,5.125671160377913,0.019784172661870502,3,-1,2,2,2
UJI building,3,0.1,112,1111,112,224,1112,556,5.777864317132944,0.02697841726618705,3,-1,3,2,-1
UJI building,3,0.25,277,1111,277,554,1112,556,6.199647908466035,0.04316546762589928,3,2,3,3,2
UJI building,3,0.5,555,1111,555,1110,1112,556,6.1423131067983805,0.04316546762589928,3,3,3,3,-1
UJI building,4,0.05,55,1111,55,110,1112,556,5.305324911850532,0.023381294964028777,3,-1,3,2,2
UJI building,4,0.1,112,1111,112,224,1112,556,6.006784419763475,0.03776978417266187,3,-1,3,3,-1
UJI building,4,0.25,277,1111,277,554,1112,556,6.095329137713918,0.04136690647482014,3,2,3,3,0
UJI building,4,0.5,555,1111,555,1110,1112,556,6.448408027460103,0.07913669064748201,3,3,4,3,2
Library floor,0,0.05,12,260,144,144,1560,130,5.734222574738769,0.023717948717948717,3,-1,3,3,-1
Library floor,0,0.1,26,260,312,312,1560,130,6.231156125698828,0.057692307692307696,4,-1,4,3,-1
Library floor,0,0.25,64,260,768,768,1560,130,6.370092945457952,0.07179487179487179,4,3,4,4,-1
Library floor,0,0.5,130,260,1560,1560,1560,130,6.253214086351922,0.05512820512820513,4,3,4,3,-1
Library floor,1,0.05,12,260,144,144,1560,130,5.735308379612429,0.016666666666666666,3,-1,4,3,-1
Library floor,1,0.1,26,260,312,312,1560,130,5.96836834732113,0.026923076923076925,3,-1,4,3,-1
Library floor,1,0.25,64,260,768,768,1560,130,6.109969270992685,0.03012820512820513,4,2,4,3,-1
Library floor,1,0.5,130,260,1560,1560,1560,130,6.078187724364351,0.026282051282051282,4,3,4,3,-1
Library floor,2,0.05,12,260,144,144,1560,130,6.906616386294681,0.12756410256410255,6,-1,5,4,-1
Library floor,2,0.1,26,260,312,312,1560,130,6.087889752560223,0.04551282051282051,4,-1,4,3,-1
Library floor,2,0.25,64,260,768,768,1560,130,6.254342781695823,0.060897435897435896,4,3,4,3,-1
Library floor,2,0.5,130,260,1560,1560,1560,130,6.255053851414251,0.05897435897435897,4,3,4,3,-1
Library floor,3,0.05,12,260,144,144,1560,130,5.764655762312654,0.03205128205128205,2,-1,3,3,-1
Library floor,3,0.1,26,260,312,312,1560,130,6.56711147639862,0.09294871794871795,5,-1,4,3,-1
Library floor,3,0.25,64,260,768,768,1560,130,6.531510978305766,0.08333333333333333,5,4,4,3,-1
Library floor,3,0.5,130,260,1560,1560,1560,130,6.364294871864693,0.07307692307692308,4,4,4,3,-1
Library floor,4,0.05,12,260,144,144,1560,130,6.520571799966691,0.07179487179487179,5,-1,4,3,-1
Library floor,4,0.1,26,260,312,312,1560,130,6.023366463549283,0.038461538461538464,4,-1,4,2,-1
Library floor,4,0.25,64,260,768,768,1560,130,6.107933241218189,0.046153846153846156,4,3,4,3,-1
Library floor,4,0.5,130,260,1560,1560,1560,130,6.338563244448586,0.06346153846153846,4,4,4,3,-1
Library half-floor,0,0.05,12,260,144,432,4680,130,-0.46377011549933544,0.026923076923076925,-1,-1,-1,-1,-1
Library half-floor,0,0.1,26,260,312,936,4680,130,0.1780207431678753,0.04807692307692308,-1,-1,-1,-1,-1
Library half-floor,0,0.25,64,260,768,2304,4680,130,-0.2884424768362911,0.03333333333333333,-1,-1,-1,-1,-1
Library half-floor,0,0.5,130,260,1560,4680,4680,130,-0.27440679147873526,0.03397435897435897,-1,-1,-1,-1,-1
Library half-floor,1,0.05,12,260,144,432,4680,130,-1.1010582108232487,0.014102564102564103,-1,-1,-1,-1,-1
Library half-floor,1,0.1,26,260,312,936,4680,130,0.1702743605801199,0.04358974358974359,-1,-1,-1,-1,-1
Library half-floor,1,0.25,64,260,768,2304,4680,130,-0.5820439601864499,0.023076923076923078,-1,-1,-1,-1,-1
Library half-floor,1,0.5,130,260,1560,4680,4680,130,-0.23620680713181597,0.03205128205128205,-1,-1,-1,-1,-1
Library half-floor,2,0.05,12,260,144,432,4680,130,-0.3305617371036407,0.035897435897435895,-1,-1,-1,-1,-1
Library half-floor,2,0.1,26,260,312,936,4680,130,0.33462541614330776,0.05641025641025641,-1,-1,-1,-1,-1
Library half-floor,2,0.25,64,260,768,2304,4680,130,-0.3707967506610971,0.035897435897435895,-1,-1,-1,-1,-1
Library half-floor,2,0.5,130,260,1560,4680,4680,130,-0.15186870421216137,0.04038461538461539,-1,-1,-1,-1,-1
Library half-floor,3,0.05,12,260,144,432,4680,130,1.030187072743329,0.1294871794871795,0,-1,-1,-1,-1
Library half-floor,3,0.1,26,260,312,936,4680,130,-0.19647718613463894,0.04807692307692308,-1,-1,-1,-1,-1
Library half-floor,3,0.25,64,260,768,2304,4680,130,0.5948898060846796,0.08846153846153847,-1,-1,-1,-1,-1
Library half-floor,3,0.5,130,260,1560,4680,4680,130,0.2974953690310548,0.07243589743589744,-1,-1,-1,-1,-1
Library half-floor,4,0.05,12,260,144,432,4680,130,0.6352989832260988,0.09102564102564102,-1,-1,-1,-1,-1
Library half-floor,4,0.1,26,260,312,936,4680,130,0.34925286886780216,0.07435897435897436,-1,-1,-1,-1,-1
Library half-floor,4,0.25,64,260,768,2304,4680,130,0.08645964827910047,0.05705128205128205,-1,-1,-1,-1,-1
Library half-floor,4,0.5,130,260,1560,4680,4680,130,0.13039128761234398,0.05961538461538462,-1,-1,-1,-1,-1
SOD CETC331 floor,0,0.05,4,84,40,80,840,42,5.472936461846707,0.0,7,-1,8,8,-1
SOD CETC331 floor,0,0.1,8,84,80,160,840,42,6.095018006355248,0.014285714285714285,8,-1,9,9,-1
SOD CETC331 floor,0,0.25,21,84,210,420,840,42,5.737176638297499,0.004761904761904762,8,-1,8,8,-1
SOD CETC331 floor,0,0.5,42,84,420,840,840,42,5.7657641052876984,0.002380952380952381,8,7,8,8,-1
SOD CETC331 floor,1,0.05,4,84,40,80,840,42,7.587830984279993,0.24523809523809523,10,-1,10,9,-1
SOD CETC331 floor,1,0.1,8,84,80,160,840,42,6.071975843200486,0.0380952380952381,8,-1,8,8,-1
SOD CETC331 floor,1,0.25,21,84,210,420,840,42,5.7092089191691775,0.011904761904761904,8,-1,8,7,-1
SOD CETC331 floor,1,0.5,42,84,420,840,840,42,6.0003603897089635,0.030952380952380953,8,8,8,8,-1
SOD CETC331 floor,2,0.05,4,84,40,80,840,42,7.610993074413632,0.24523809523809523,10,-1,9,9,-1
SOD CETC331 floor,2,0.1,8,84,80,160,840,42,5.723215725756567,0.030952380952380953,8,-1,8,7,-1
SOD CETC331 floor,2,0.25,21,84,210,420,840,42,6.071686170224056,0.05952380952380952,8,-1,8,8,-1
SOD CETC331 floor,2,0.5,42,84,420,840,840,42,6.228976371802875,0.06666666666666667,9,8,8,8,-1
SOD CETC331 floor,3,0.05,4,84,40,80,840,42,6.145568030342979,0.02142857142857143,9,-1,9,8,-1
SOD CETC331 floor,3,0.1,8,84,80,160,840,42,5.331399923491235,0.0,7,-1,8,7,-1
SOD CETC331 floor,3,0.25,21,84,210,420,840,42,6.863121432537087,0.09285714285714286,10,-1,9,9,-1
SOD CETC331 floor,3,0.5,42,84,420,840,840,42,5.817805188920882,0.0,8,7,8,8,-1
SOD CETC331 floor,4,0.05,4,84,40,80,840,42,7.747808557857754,0.37857142857142856,10,-1,10,9,-1
SOD CETC331 floor,4,0.1,8,84,80,160,840,42,5.527222874858582,0.023809523809523808,7,-1,8,7,-1
SOD CETC331 floor,4,0.25,21,84,210,420,840,42,6.16554043858048,0.06190476190476191,8,-1,8,8,-1
SOD CETC331 floor,4,0.5,42,84,420,840,840,42,6.081086836494448,0.05,8,8,8,8,-1
SOD SYL region,0,0.05,6,102,60,180,1530,51,3.8781458224924696,0.08235294117647059,0,-1,-1,-1,-1
SOD SYL region,0,0.1,10,102,100,300,1530,51,4.482126948349306,0.09215686274509804,1,-1,-1,-1,-1
SOD SYL region,0,0.25,26,102,260,780,1530,51,2.265764105287698,0.041176470588235294,-1,-1,-1,-1,-1
SOD SYL region,0,0.5,51,102,510,1530,1530,51,3.740966706270624,0.07450980392156863,-1,-1,-1,-1,-1
SOD SYL region,1,0.05,6,102,60,180,1530,51,6.789195643933162,0.09411764705882353,6,-1,2,-1,-1
SOD SYL region,1,0.1,10,102,100,300,1530,51,1.7643671594985304,0.0196078431372549,-1,-1,-1,-1,-1
SOD SYL region,1,0.25,26,102,260,780,1530,51,5.277852635510018,0.07647058823529412,0,-1,0,-1,-1
SOD SYL region,1,0.5,51,102,510,1530,1530,51,2.453748613078525,0.03137254901960784,-1,-1,-1,-1,-1
SOD SYL region,2,0.05,6,102,60,180,1530,51,9.151005322473521,0.24901960784313726,10,-1,4,4,-1
SOD SYL region,2,0.1,10,102,100,300,1530,51,7.521969536960307,0.13137254901960785,7,-1,3,2,-1
SOD SYL region,2,0.25,26,102,260,780,1530,51,4.487203921040279,0.058823529411764705,-1,-1,0,-1,-1
SOD SYL region,2,0.5,51,102,510,1530,1530,51,1.9431672692319706,0.0,-1,-1,-1,-1,-1
SOD SYL region,3,0.05,6,102,60,180,1530,51,3.551796197411565,0.07647058823529412,-1,-1,-1,-1,-1
SOD SYL region,3,0.1,10,102,100,300,1530,51,7.532586237935861,0.1568627450980392,7,-1,2,2,-1
SOD SYL region,3,0.25,26,102,260,780,1530,51,5.238916129662457,0.11568627450980393,2,1,0,-1,-1
SOD SYL region,3,0.5,51,102,510,1530,1530,51,3.9975912734708827,0.07647058823529412,0,-1,-1,-1,-1
SOD SYL region,4,0.05,6,102,60,180,1530,51,9.602106253638953,0.33137254901960783,10,-1,5,4,-1
SOD SYL region,4,0.1,10,102,100,300,1530,51,9.120577845215582,0.2725490196078431,10,-1,5,4,-1
SOD SYL region,4,0.25,26,102,260,780,1530,51,3.576218226350517,0.03725490196078431,-1,-1,-1,-1,-1
SOD SYL region,4,0.5,51,102,510,1530,1530,51,2.235202006729966,0.01568627450980392,-1,-1,-1,-1,-1
SOD HCXY region,0,0.05,4,86,40,120,1320,44,9.014649687692348,0.18863636363636363,10,-1,6,4,-1
SOD HCXY region,0,0.1,8,86,80,240,1320,44,2.323642003840045,0.00909090909090909,-1,-1,-1,-1,-1
SOD HCXY region,0,0.25,21,86,210,630,1320,44,1.4940047632103592,0.0,-1,-1,-1,-1,-1
SOD HCXY region,0,0.5,42,86,420,1260,1320,44,3.0679216663554145,0.025,-1,-1,0,-1,-1
SOD HCXY region,1,0.05,4,86,40,120,1320,44,9.154160197367963,0.25227272727272726,10,-1,4,3,-1
SOD HCXY region,1,0.1,8,86,80,240,1320,44,6.3221057125924265,0.10681818181818181,5,-1,1,-1,-1
SOD HCXY region,1,0.25,21,86,210,630,1320,44,2.9379240742145916,0.04318181818181818,-1,-1,-1,-1,-1
SOD HCXY region,1,0.5,42,86,420,1260,1320,44,4.623223628608934,0.06136363636363636,1,-1,-1,-1,-1
SOD HCXY region,2,0.05,4,86,40,120,1320,44,10.088061968570424,0.4318181818181818,10,-1,5,4,-1
SOD HCXY region,2,0.1,8,86,80,240,1320,44,2.1483415925891336,0.031818181818181815,-1,-1,-1,-1,-1
SOD HCXY region,2,0.25,21,86,210,630,1320,44,8.633822890583634,0.2840909090909091,9,8,3,2,-1
SOD HCXY region,2,0.5,42,86,420,1260,1320,44,7.219776419483105,0.20909090909090908,6,2,2,1,-1
SOD HCXY region,3,0.05,4,86,40,120,1320,44,2.255016956273629,0.02727272727272727,-1,-1,-1,-1,-1
SOD HCXY region,3,0.1,8,86,80,240,1320,44,6.1518067014688365,0.11363636363636363,4,-1,1,-1,-1
SOD HCXY region,3,0.25,21,86,210,630,1320,44,6.025663114093776,0.11136363636363636,4,2,1,0,-1
SOD HCXY region,3,0.5,42,86,420,1260,1320,44,5.657997461115164,0.11136363636363636,3,1,0,-1,-1
SOD HCXY region,4,0.05,4,86,40,120,1320,44,2.252658029595107,0.031818181818181815,-1,-1,-1,-1,-1
SOD HCXY region,4,0.1,8,86,80,240,1320,44,8.096360816251162,0.1318181818181818,9,-1,3,2,-1
SOD HCXY region,4,0.25,21,86,210,630,1320,44,4.031908575270463,0.045454545454545456,1,0,-1,-1,-1
SOD HCXY region,4,0.5,42,86,420,1260,1320,44,4.097321438118988,0.045454545454545456,0,-1,-1,-1,-1
Tampere floor,0,0.05,193,3843,204,816,7932,1923,0.5062503393781257,0.05042864346949067,-1,-1,-1,-1,-1
Tampere floor,0,0.1,384,3843,396,1584,7932,1923,0.44842307833037987,0.05143721633888049,-1,-1,-1,-1,-1
Tampere floor,0,0.25,960,3843,984,3936,7932,1923,0.5451001997726852,0.049420070600100854,-1,-1,-1,-1,-1
Tampere floor,0,0.5,1920,3843,1968,7872,7932,1923,0.3754475170591539,0.04589006555723651,-1,-1,-1,-1,-1
Tampere floor,1,0.05,193,3843,201,804,7908,1923,-0.477192512893329,0.02225594334850784,-1,-1,-1,-1,-1
Tampere floor,1,0.1,384,3843,410,1640,7908,1923,0.2771525218758196,0.041982802225594334,-1,-1,-1,-1,-1
Tampere floor,1,0.25,960,3843,993,3972,7908,1923,0.5552282109878652,0.06120384420839656,-1,-1,-1,-1,-1
Tampere floor,1,0.5,1920,3843,1974,7896,7908,1923,0.488397924605387,0.05209914011127972,-1,-1,-1,-1,-1
Tampere floor,2,0.05,193,3843,194,776,7904,1923,0.22953936935551777,0.038461538461538464,-1,-1,-1,-1,-1
Tampere floor,2,0.1,384,3843,389,1556,7904,1923,0.48793265253355567,0.050101214574898786,-1,-1,-1,-1,-1
Tampere floor,2,0.25,960,3843,977,3908,7904,1923,0.2797541884559822,0.039979757085020245,-1,-1,-1,-1,-1
Tampere floor,2,0.5,1920,3843,1975,7900,7904,1923,0.5098706793376455,0.05668016194331984,-1,-1,-1,-1,-1
Tampere floor,3,0.05,193,3843,195,780,7900,1923,0.450237468239559,0.05012658227848101,-1,-1,-1,-1,-1
Tampere floor,3,0.1,384,3843,394,1576,7900,1923,0.5056946567586238,0.05569620253164557,-1,-1,-1,-1,-1
Tampere floor,3,0.25,960,3843,986,3944,7900,1923,0.5745457885193775,0.06025316455696202,-1,-1,-1,-1,-1
Tampere floor,3,0.5,1920,3843,1976,7904,7900,1923,0.5121293958971734,0.052151898734177214,-1,-1,-1,-1,-1
Tampere floor,4,0.05,193,3843,197,788,7892,1923,0.16384689879721737,0.036999493157627975,-1,-1,-1,-1,-1
Tampere floor,4,0.1,384,3843,395,1580,7892,1923,0.3434285796098705,0.0456158134820071,-1,-1,-1,-1,-1
Tampere floor,4,0.25,960,3843,987,3948,7892,1923,0.36674637924019216,0.04206791687785099,-1,-1,-1,-1,-1
Tampere floor,4,0.5,1920,3843,1978,7912,7892,1923,0.49190301748738086,0.051697921946274705,-1,-1,-1,-1,-1
Mall 1 floor,0,0.05,18,160,392,784,8714,128,1.423919887117607,0.05255910029837044,-1,-1,-1,-1,-1
Mall 1 floor,0,0.1,34,160,748,1496,8714,128,1.0680161464865165,0.038558641266926784,-1,-1,-1,-1,-1
Mall 1 floor,0,0.25,71,160,1849,3698,8714,128,0.9806519362382022,0.034886389717695664,-1,-1,-1,-1,-1
Mall 1 floor,0,0.5,127,160,3643,7286,8714,128,1.1528482603416037,0.04498508147808125,-1,-1,-1,-1,-1
Mall 1 floor,1,0.05,18,160,470,940,7902,122,1.5406287780691756,0.06884333080232853,-1,-1,-1,-1,-1
Mall 1 floor,1,0.1,33,160,926,1852,7902,122,1.7590955087826825,0.0794735509997469,-1,-1,-1,-1,-1
Mall 1 floor,1,0.25,78,160,2058,4116,7902,122,1.5098740023996282,0.06403442166540116,-1,-1,-1,-1,-1
Mall 1 floor,1,0.5,124,160,4049,8098,7902,122,1.304772099566365,0.05441660339154644,-1,-1,-1,-1,-1
Mall 1 floor,2,0.05,17,160,508,1016,7880,129,1.3466913415557418,0.04898477157360406,-1,-1,-1,-1,-1
Mall 1 floor,2,0.1,35,160,844,1688,7880,129,1.1229288963529207,0.04238578680203046,-1,-1,-1,-1,-1
Mall 1 floor,2,0.25,76,160,2028,4056,7880,129,0.9456408010337788,0.03451776649746193,-1,-1,-1,-1,-1
Mall 1 floor,2,0.5,126,160,4060,8120,7880,129,1.1171333449556304,0.04111675126903553,-1,-1,-1,-1,-1
Mall 1 floor,3,0.05,17,160,409,818,8154,125,1.7700104376168149,0.07235712533725779,-1,-1,-1,-1,-1
Mall 1 floor,3,0.1,33,160,807,1614,8154,125,1.643104059393246,0.06328182487122884,-1,-1,-1,-1,-1
Mall 1 floor,3,0.25,73,160,1949,3898,8154,125,1.02735770862229,0.03728231542801079,-1,-1,-1,-1,-1
Mall 1 floor,3,0.5,123,160,3923,7846,8154,125,1.189632236086875,0.0443953887662497,-1,-1,-1,-1,-1
Mall 1 floor,4,0.05,18,160,423,846,8058,125,1.5336967146882428,0.06552494415487714,-1,-1,-1,-1,-1
Mall 1 floor,4,0.1,33,160,961,1922,8058,125,0.8153346355347663,0.034996276991809384,-1,-1,-1,-1,-1
Mall 1 floor,4,0.25,78,160,1920,3840,8058,125,1.6499281937634047,0.06800694961528915,-1,-1,-1,-1,-1
Mall 1 floor,4,0.5,128,160,3971,7942,8058,125,1.3957476988814634,0.0583271283196823,-1,-1,-1,-1,-1
Mall 2 floor,0,0.05,9,116,429,429,4286,74,2.6834387655918923,0.03919738684087728,-1,-1,-1,-1,-1
Mall 2 floor,0,0.1,18,116,916,916,4286,74,2.7952610304148777,0.04316378908072795,-1,-1,-1,-1,-1
Mall 2 floor,0,0.25,40,116,1779,1779,4286,74,2.9710488087595164,0.04666355576294914,-1,-1,-1,-1,-1
Mall 2 floor,0,0.5,72,116,3714,3714,4286,74,3.016701184919401,0.04923005132991134,-1,-1,-1,-1,-1
Mall 2 floor,1,0.05,8,116,266,266,3963,70,3.042442523445625,0.05955084531920263,-1,-1,-1,-1,-1
Mall 2 floor,1,0.1,18,116,772,772,3963,70,2.8988212171450707,0.050719152157456475,-1,-1,-1,-1,-1
Mall 2 floor,1,0.25,39,116,2242,2242,3963,70,3.3417812236697015,0.07342922028766086,-1,-1,-1,-1,-1
Mall 2 floor,1,0.5,71,116,4037,4037,3963,70,3.1566969132532683,0.0638405248549079,-1,-1,-1,-1,-1
Mall 2 floor,2,0.05,9,116,278,278,4564,72,2.0116214479445422,0.018843120070113933,-1,-1,-1,-1,-1
Mall 2 floor,2,0.1,17,116,650,650,4564,72,2.706312273655889,0.036152497808939525,-1,-1,-1,-1,-1
Mall 2 floor,2,0.25,39,116,1808,1808,4564,72,2.7772105247422307,0.03680981595092025,-1,-1,-1,-1,-1
Mall 2 floor,2,0.5,67,116,3436,3436,4564,72,2.8102735208489538,0.03680981595092025,-1,-1,-1,-1,-1
Mall 2 floor,3,0.05,9,116,360,360,4383,74,2.4006362647181314,0.028291124800365046,-1,-1,-1,-1,-1
Mall 2 floor,3,0.1,17,116,544,544,4383,74,3.039892345899145,0.04791238877481177,-1,-1,-1,-1,-1
Mall 2 floor,3,0.25,41,116,1906,1906,4383,74,3.0235683604534884,0.04768423454255077,-1,-1,-1,-1,-1
Mall 2 floor,3,0.5,73,116,3617,3617,4383,74,2.8604513441440513,0.04220853296828656,-1,-1,-1,-1,-1
Mall 2 floor,4,0.05,9,116,340,340,4462,74,2.9927360380267616,0.047288211564320934,-1,-1,-1,-1,-1
Mall 2 floor,4,0.1,17,116,756,756,4462,74,3.397479842130337,0.061183325862841774,0,-1,-1,-1,-1
Mall 2 floor,4,0.25,38,116,1792,1792,4462,74,2.933564282872827,0.04258180188256387,-1,-1,-1,-1,-1
Mall 2 floor,4,0.5,71,116,3538,3538,4462,74,2.9501045014802347,0.04504706409681757,-1,-1,-1,-1,-1
