split,model,delta,k,cert
0,AP-Certified (spread),0.0,0,0.0007806425245305358
0,AP-Certified (spread),2.0,0,0.006601054349271384
0,AP-Certified (spread),4.0,0,0.13493721442812082
0,AP-Certified (spread),6.0,0,0.5036447019892949
0,AP-Certified (spread),0.0,1,0.0016799231000701042
0,AP-Certified (spread),2.0,1,0.022026452570396725
0,AP-Certified (spread),4.0,1,0.2345580629828821
0,AP-Certified (spread),6.0,1,0.7116846052594297
0,AP-Certified (spread),0.0,2,0.0017985611510791368
0,AP-Certified (spread),2.0,2,0.05160306389813709
0,AP-Certified (spread),4.0,2,0.39418159093613103
0,AP-Certified (spread),6.0,2,0.8563050117731056
0,AP-Certified (spread),0.0,3,0.0033598462001402083
0,AP-Certified (spread),2.0,3,0.11196165744965182
0,AP-Certified (spread),4.0,3,0.5896695469205991
0,AP-Certified (spread),6.0,3,0.9498230443039224
0,AP-Certified (spread),0.0,4,0.01530676017011631
0,AP-Certified (spread),2.0,4,0.25165154124343214
0,AP-Certified (spread),4.0,4,0.7846259795432001
0,AP-Certified (spread),6.0,4,0.9847502109877145
0,AP-Certified (spread),0.0,5,0.07095066512785876
0,AP-Certified (spread),2.0,5,0.5182657715645989
0,AP-Certified (spread),4.0,5,0.9218836795690177
0,AP-Certified (spread),6.0,5,0.996115777763291
0,AP-Certified (spread),0.0,6,0.8785146357667506
0,AP-Certified (spread),2.0,6,0.9413928028015378
0,AP-Certified (spread),4.0,6,0.9919326125313858
0,AP-Certified (spread),6.0,6,0.999644085846973
0,AP-Certified (spread),0.0,7,1.0
0,AP-Certified (spread),2.0,7,1.0
0,AP-Certified (spread),4.0,7,1.0
0,AP-Certified (spread),6.0,7,1.0
0,AP-Certified (spread),0.0,8,1.0
0,AP-Certified (spread),2.0,8,1.0
0,AP-Certified (spread),4.0,8,1.0
0,AP-Certified (spread),6.0,8,1.0
0,AP-Certified (spread),0.0,9,1.0
0,AP-Certified (spread),2.0,9,1.0
0,AP-Certified (spread),4.0,9,1.0
0,AP-Certified (spread),6.0,9,1.0
0,AP-Certified (spread),0.0,10,1.0
0,AP-Certified (spread),2.0,10,1.0
0,AP-Certified (spread),4.0,10,1.0
0,AP-Certified (spread),6.0,10,1.0
0,AP-Certified (random),0.0,0,0.0010984209626231215
0,AP-Certified (random),0.0,1,0.002196841925246243
0,AP-Certified (random),0.0,2,0.006783368495495125
0,AP-Certified (random),0.0,3,0.03889535215456445
0,AP-Certified (random),0.0,4,0.3089616339939131
0,AP-Certified (random),0.0,5,1.0
0,AP-Certified (random),0.0,6,1.0
0,AP-Certified (random),0.0,7,1.0
0,AP-Certified (random),0.0,8,1.0
0,AP-Certified (random),0.0,9,1.0
0,AP-Certified (random),0.0,10,1.0
0,FPA-style symmetric,0.0,0,0.0
0,FPA-style symmetric,0.0,1,0.00027564112228776056
0,FPA-style symmetric,0.0,2,0.001174921697827329
0,FPA-style symmetric,0.0,3,0.0017985611510791368
0,FPA-style symmetric,0.0,4,0.0038004062157697472
0,FPA-style symmetric,0.0,5,0.025848277352201236
0,FPA-style symmetric,0.0,6,0.14133860207024354
0,FPA-style symmetric,0.0,7,0.4810426375789328
0,FPA-style symmetric,0.0,8,1.0
0,FPA-style symmetric,0.0,9,1.0
0,FPA-style symmetric,0.0,10,1.0
1,AP-Certified (spread),0.0,0,0.0004921946611160274
1,AP-Certified (spread),2.0,0,0.0027829504733111916
1,AP-Certified (spread),4.0,0,0.10917902279459857
1,AP-Certified (spread),6.0,0,0.448514402348175
1,AP-Certified (spread),0.0,1,0.0008992805755395684
1,AP-Certified (spread),2.0,1,0.009503458235550603
1,AP-Certified (spread),4.0,1,0.20001354127259693
1,AP-Certified (spread),6.0,1,0.6406569261649504
1,AP-Certified (spread),0.0,2,0.0008992805755395684
1,AP-Certified (spread),2.0,2,0.032107497008810076
1,AP-Certified (spread),4.0,2,0.3429396822042367
1,AP-Certified (spread),6.0,2,0.8119201410833901
1,AP-Certified (spread),0.0,3,0.001883669897771623
1,AP-Certified (spread),2.0,3,0.08269280018952756
1,AP-Certified (spread),4.0,3,0.5307929362747771
1,AP-Certified (spread),6.0,3,0.9218251437336762
1,AP-Certified (spread),0.0,4,0.010080761643359117
1,AP-Certified (spread),2.0,4,0.19706755365440273
1,AP-Certified (spread),4.0,4,0.7295154856499828
1,AP-Certified (spread),6.0,4,0.9745535401742778
1,AP-Certified (spread),0.0,5,0.044734340704441815
1,AP-Certified (spread),2.0,5,0.4172057025756401
1,AP-Certified (spread),4.0,5,0.877985986482739
1,AP-Certified (spread),6.0,5,0.9936383850435694
1,AP-Certified (spread),0.0,6,0.5782589926572116
1,AP-Certified (spread),2.0,6,0.7923861836439942
1,AP-Certified (spread),4.0,6,0.9674331268461167
1,AP-Certified (spread),6.0,6,0.9987787422567292
1,AP-Certified (spread),0.0,7,1.0
1,AP-Certified (spread),2.0,7,1.0
1,AP-Certified (spread),4.0,7,1.0
1,AP-Certified (spread),6.0,7,1.0
1,AP-Certified (spread),0.0,8,1.0
1,AP-Certified (spread),2.0,8,1.0
1,AP-Certified (spread),4.0,8,1.0
1,AP-Certified (spread),6.0,8,1.0
1,AP-Certified (spread),0.0,9,1.0
1,AP-Certified (spread),2.0,9,1.0
1,AP-Certified (spread),4.0,9,1.0
1,AP-Certified (spread),6.0,9,1.0
1,AP-Certified (spread),0.0,10,1.0
1,AP-Certified (spread),2.0,10,1.0
1,AP-Certified (spread),4.0,10,1.0
1,AP-Certified (spread),6.0,10,1.0
1,AP-Certified (random),0.0,0,0.0010470265946878542
1,AP-Certified (random),0.0,1,0.0020940531893757085
1,AP-Certified (random),0.0,2,0.005517820551085989
1,AP-Certified (random),0.0,3,0.02917589558411153
1,AP-Certified (random),0.0,4,0.24771390905232615
1,AP-Certified (random),0.0,5,1.0
1,AP-Certified (random),0.0,6,1.0
1,AP-Certified (random),0.0,7,1.0
1,AP-Certified (random),0.0,8,1.0
1,AP-Certified (random),0.0,9,1.0
1,AP-Certified (random),0.0,10,1.0
1,FPA-style symmetric,0.0,0,0.0
1,FPA-style symmetric,0.0,1,0.00020726793525572277
1,FPA-style symmetric,0.0,2,0.0008992805755395684
1,FPA-style symmetric,0.0,3,0.0008992805755395684
1,FPA-style symmetric,0.0,4,0.0031123775971301504
1,FPA-style symmetric,0.0,5,0.027800771870621323
1,FPA-style symmetric,0.0,6,0.12628694789969655
1,FPA-style symmetric,0.0,7,0.439473762137707
1,FPA-style symmetric,0.0,8,1.0
1,FPA-style symmetric,0.0,9,1.0
1,FPA-style symmetric,0.0,10,1.0
2,AP-Certified (spread),0.0,0,0.0
2,AP-Certified (spread),2.0,0,0.001565452641402202
2,AP-Certified (spread),4.0,0,0.11062963892420061
2,AP-Certified (spread),6.0,0,0.5130110690859043
2,AP-Certified (spread),0.0,1,0.0
2,AP-Certified (spread),2.0,1,0.017453087565101156
2,AP-Certified (spread),4.0,1,0.22840327512421563
2,AP-Certified (spread),6.0,1,0.6902014616628679
2,AP-Certified (spread),0.0,2,0.0
2,AP-Certified (spread),2.0,2,0.041700509641501335
2,AP-Certified (spread),4.0,2,0.38940868587646627
2,AP-Certified (spread),6.0,2,0.8445109640258242
2,AP-Certified (spread),0.0,3,0.0
2,AP-Certified (spread),2.0,3,0.08723125009483787
2,AP-Certified (spread),4.0,3,0.575343750368814
2,AP-Certified (spread),6.0,3,0.9416985388429341
2,AP-Certified (spread),0.0,4,0.010175442169114313
2,AP-Certified (spread),2.0,4,0.22345774909249785
2,AP-Certified (spread),4.0,4,0.778281745004743
2,AP-Certified (spread),6.0,4,0.9868946418620896
2,AP-Certified (spread),0.0,5,0.056306047761977146
2,AP-Certified (spread),2.0,5,0.49640908330284017
2,AP-Certified (spread),4.0,5,0.9058278104783558
2,AP-Certified (spread),6.0,5,0.9973855590650517
2,AP-Certified (spread),0.0,6,0.8785504664583169
2,AP-Certified (spread),2.0,6,0.9396248959936738
2,AP-Certified (spread),4.0,6,0.9897432255742148
2,AP-Certified (spread),6.0,6,0.999766891490323
2,AP-Certified (spread),0.0,7,1.0
2,AP-Certified (spread),2.0,7,1.0
2,AP-Certified (spread),4.0,7,1.0
2,AP-Certified (spread),6.0,7,1.0
2,AP-Certified (spread),0.0,8,1.0
2,AP-Certified (spread),2.0,8,1.0
2,AP-Certified (spread),4.0,8,1.0
2,AP-Certified (spread),6.0,8,1.0
2,AP-Certified (spread),0.0,9,1.0
2,AP-Certified (spread),2.0,9,1.0
2,AP-Certified (spread),4.0,9,1.0
2,AP-Certified (spread),6.0,9,1.0
2,AP-Certified (spread),0.0,10,1.0
2,AP-Certified (spread),2.0,10,1.0
2,AP-Certified (spread),4.0,10,1.0
2,AP-Certified (spread),6.0,10,1.0
2,AP-Certified (random),0.0,0,0.0
2,AP-Certified (random),0.0,1,0.00043423500947399217
2,AP-Certified (random),0.0,2,0.005055323722134078
2,AP-Certified (random),0.0,3,0.03417699269629132
2,AP-Certified (random),0.0,4,0.31237962463100716
2,AP-Certified (random),0.0,5,1.0
2,AP-Certified (random),0.0,6,1.0
2,AP-Certified (random),0.0,7,1.0
2,AP-Certified (random),0.0,8,1.0
2,AP-Certified (random),0.0,9,1.0
2,AP-Certified (random),0.0,10,1.0
2,FPA-style symmetric,0.0,0,0.0
2,FPA-style symmetric,0.0,1,0.0
2,FPA-style symmetric,0.0,2,0.0
2,FPA-style symmetric,0.0,3,0.0006330625590814518
2,FPA-style symmetric,0.0,4,0.0021150924306198625
2,FPA-style symmetric,0.0,5,0.02864704848901083
2,FPA-style symmetric,0.0,6,0.1324375173786319
2,FPA-style symmetric,0.0,7,0.47676577406291853
2,FPA-style symmetric,0.0,8,1.0
2,FPA-style symmetric,0.0,9,1.0
2,FPA-style symmetric,0.0,10,1.0
3,AP-Certified (spread),0.0,0,0.0
3,AP-Certified (spread),2.0,0,0.0020154982683319193
3,AP-Certified (spread),4.0,0,0.10336807421303455
3,AP-Certified (spread),6.0,0,0.4619357031206154
3,AP-Certified (spread),0.0,1,0.0
3,AP-Certified (spread),2.0,1,0.012162989942568928
3,AP-Certified (spread),4.0,1,0.2083493045664239
3,AP-Certified (spread),6.0,1,0.6581504013599244
3,AP-Certified (spread),0.0,2,0.0
3,AP-Certified (spread),2.0,2,0.03500887823298629
3,AP-Certified (spread),4.0,2,0.35396969359077707
3,AP-Certified (spread),6.0,2,0.8228518112292998
3,AP-Certified (spread),0.0,3,0.0
3,AP-Certified (spread),2.0,3,0.0854524630348206
3,AP-Certified (spread),4.0,3,0.5359251795386413
3,AP-Certified (spread),6.0,3,0.9277914248655658
3,AP-Certified (spread),0.0,4,0.009573616774576616
3,AP-Certified (spread),2.0,4,0.2012704646402543
3,AP-Certified (spread),4.0,4,0.7299143785118861
3,AP-Certified (spread),6.0,4,0.979795825342665
3,AP-Certified (spread),0.0,5,0.045303306691898665
3,AP-Certified (spread),2.0,5,0.4316363772541334
3,AP-Certified (spread),4.0,5,0.8804688322768891
3,AP-Certified (spread),6.0,5,0.9979145013990905
3,AP-Certified (spread),0.0,6,0.5899639692305175
3,AP-Certified (spread),2.0,6,0.8062510558562715
3,AP-Certified (spread),4.0,6,0.9707399553742124
3,AP-Certified (spread),6.0,6,0.9996045939915433
3,AP-Certified (spread),0.0,7,1.0
3,AP-Certified (spread),2.0,7,1.0
3,AP-Certified (spread),4.0,7,1.0
3,AP-Certified (spread),6.0,7,1.0
3,AP-Certified (spread),0.0,8,1.0
3,AP-Certified (spread),2.0,8,1.0
3,AP-Certified (spread),4.0,8,1.0
3,AP-Certified (spread),6.0,8,1.0
3,AP-Certified (spread),0.0,9,1.0
3,AP-Certified (spread),2.0,9,1.0
3,AP-Certified (spread),4.0,9,1.0
3,AP-Certified (spread),6.0,9,1.0
3,AP-Certified (spread),0.0,10,1.0
3,AP-Certified (spread),2.0,10,1.0
3,AP-Certified (spread),4.0,10,1.0
3,AP-Certified (spread),6.0,10,1.0
3,AP-Certified (random),0.0,0,0.0002208925760412424
3,AP-Certified (random),0.0,1,0.0011201731515808108
3,AP-Certified (random),0.0,2,0.005111949791697773
3,AP-Certified (random),0.0,3,0.03781881254037939
3,AP-Certified (random),0.0,4,0.3263607164981623
3,AP-Certified (random),0.0,5,1.0
3,AP-Certified (random),0.0,6,1.0
3,AP-Certified (random),0.0,7,1.0
3,AP-Certified (random),0.0,8,1.0
3,AP-Certified (random),0.0,9,1.0
3,AP-Certified (random),0.0,10,1.0
3,FPA-style symmetric,0.0,0,0.0
3,FPA-style symmetric,0.0,1,0.0
3,FPA-style symmetric,0.0,2,0.0
3,FPA-style symmetric,0.0,3,0.0
3,FPA-style symmetric,0.0,4,0.0025716950155465746
3,FPA-style symmetric,0.0,5,0.025069963002070438
3,FPA-style symmetric,0.0,6,0.11143340544993832
3,FPA-style symmetric,0.0,7,0.3809787084704911
3,FPA-style symmetric,0.0,8,0.9833486341384788
3,FPA-style symmetric,0.0,9,1.0
3,FPA-style symmetric,0.0,10,1.0
4,AP-Certified (spread),0.0,0,0.0005097773557933007
4,AP-Certified (spread),2.0,0,0.003448167354506072
4,AP-Certified (spread),4.0,0,0.09098739485640132
4,AP-Certified (spread),6.0,0,0.44314363169629767
4,AP-Certified (spread),0.0,1,0.0014090579313328691
4,AP-Certified (spread),2.0,1,0.01304234379013692
4,AP-Certified (spread),4.0,1,0.18021046026295504
4,AP-Certified (spread),6.0,1,0.6294149849690353
4,AP-Certified (spread),0.0,2,0.0017985611510791368
4,AP-Certified (spread),2.0,2,0.03060977126957685
4,AP-Certified (spread),4.0,2,0.33753830113842187
4,AP-Certified (spread),6.0,2,0.8027013560748465
4,AP-Certified (spread),0.0,3,0.003327893218459039
4,AP-Certified (spread),2.0,3,0.07933097907561847
4,AP-Certified (spread),4.0,3,0.5150231652266264
4,AP-Certified (spread),6.0,3,0.917552068802938
4,AP-Certified (spread),0.0,4,0.012143063214597353
4,AP-Certified (spread),2.0,4,0.18974727507537556
4,AP-Certified (spread),4.0,4,0.6965917990508037
4,AP-Certified (spread),6.0,4,0.9708103884410089
4,AP-Certified (spread),0.0,5,0.048572252858389404
4,AP-Certified (spread),2.0,5,0.4074009288040829
4,AP-Certified (spread),4.0,5,0.8542240270746747
4,AP-Certified (spread),6.0,5,0.9922386164166798
4,AP-Certified (spread),0.0,6,0.5980326772218518
4,AP-Certified (spread),2.0,6,0.7951213064134632
4,AP-Certified (spread),4.0,6,0.9618286844648658
4,AP-Certified (spread),6.0,6,0.998831490340761
4,AP-Certified (spread),0.0,7,1.0
4,AP-Certified (spread),2.0,7,1.0
4,AP-Certified (spread),4.0,7,1.0
4,AP-Certified (spread),6.0,7,1.0
4,AP-Certified (spread),0.0,8,1.0
4,AP-Certified (spread),2.0,8,1.0
4,AP-Certified (spread),4.0,8,1.0
4,AP-Certified (spread),6.0,8,1.0
4,AP-Certified (spread),0.0,9,1.0
4,AP-Certified (spread),2.0,9,1.0
4,AP-Certified (spread),4.0,9,1.0
4,AP-Certified (spread),6.0,9,1.0
4,AP-Certified (spread),0.0,10,1.0
4,AP-Certified (spread),2.0,10,1.0
4,AP-Certified (spread),4.0,10,1.0
4,AP-Certified (spread),6.0,10,1.0
4,AP-Certified (random),0.0,0,0.0008992805755395684
4,AP-Certified (random),0.0,1,0.0017305955032786715
4,AP-Certified (random),0.0,2,0.004292505934296446
4,AP-Certified (random),0.0,3,0.02195401636021901
4,AP-Certified (random),0.0,4,0.10235621309924359
4,AP-Certified (random),0.0,5,0.9326460430297392
4,AP-Certified (random),0.0,6,1.0
4,AP-Certified (random),0.0,7,1.0
4,AP-Certified (random),0.0,8,1.0
4,AP-Certified (random),0.0,9,1.0
4,AP-Certified (random),0.0,10,1.0
4,FPA-style symmetric,0.0,0,0.0
4,FPA-style symmetric,0.0,1,0.0
4,FPA-style symmetric,0.0,2,0.0008992805755395684
4,FPA-style symmetric,0.0,3,0.0017985611510791368
4,FPA-style symmetric,0.0,4,0.0026627560199417185
4,FPA-style symmetric,0.0,5,0.02617144601261636
4,FPA-style symmetric,0.0,6,0.12139912001033246
4,FPA-style symmetric,0.0,7,0.39420233818195816
4,FPA-style symmetric,0.0,8,0.9863165743959753
4,FPA-style symmetric,0.0,9,1.0
4,FPA-style symmetric,0.0,10,1.0
5,AP-Certified (spread),0.0,0,0.0
5,AP-Certified (spread),2.0,0,0.0028987999387590203
5,AP-Certified (spread),4.0,0,0.1116364273684359
5,AP-Certified (spread),6.0,0,0.4853420378579161
5,AP-Certified (spread),0.0,1,0.000666506454406484
5,AP-Certified (spread),2.0,1,0.013594719118255534
5,AP-Certified (spread),4.0,1,0.20834512270980327
5,AP-Certified (spread),6.0,1,0.6838301454146601
5,AP-Certified (spread),0.0,2,0.0008992805755395684
5,AP-Certified (spread),2.0,2,0.03841453747625929
5,AP-Certified (spread),4.0,2,0.3651465370673579
5,AP-Certified (spread),6.0,2,0.8419879534662784
5,AP-Certified (spread),0.0,3,0.0015657870299460523
5,AP-Certified (spread),2.0,3,0.08718670952572
5,AP-Certified (spread),4.0,3,0.5513713107802177
5,AP-Certified (spread),6.0,3,0.936382225623382
5,AP-Certified (spread),0.0,4,0.012462664421582881
5,AP-Certified (spread),2.0,4,0.21292528292185406
5,AP-Certified (spread),4.0,4,0.7520163896107036
5,AP-Certified (spread),6.0,4,0.9812624970660075
5,AP-Certified (spread),0.0,5,0.05284490535206885
5,AP-Certified (spread),2.0,5,0.4624146007435281
5,AP-Certified (spread),4.0,5,0.8941679799983825
5,AP-Certified (spread),6.0,5,0.9967729782131296
5,AP-Certified (spread),0.0,6,0.7581476881427254
5,AP-Certified (spread),2.0,6,0.8798885534953285
5,AP-Certified (spread),4.0,6,0.980679747945954
5,AP-Certified (spread),6.0,6,0.9997672258788669
5,AP-Certified (spread),0.0,7,1.0
5,AP-Certified (spread),2.0,7,1.0
5,AP-Certified (spread),4.0,7,1.0
5,AP-Certified (spread),6.0,7,1.0
5,AP-Certified (spread),0.0,8,1.0
5,AP-Certified (spread),2.0,8,1.0
5,AP-Certified (spread),4.0,8,1.0
5,AP-Certified (spread),6.0,8,1.0
5,AP-Certified (spread),0.0,9,1.0
5,AP-Certified (spread),2.0,9,1.0
5,AP-Certified (spread),4.0,9,1.0
5,AP-Certified (spread),6.0,9,1.0
5,AP-Certified (spread),0.0,10,1.0
5,AP-Certified (spread),2.0,10,1.0
5,AP-Certified (spread),4.0,10,1.0
5,AP-Certified (spread),6.0,10,1.0
5,AP-Certified (random),0.0,0,0.0
5,AP-Certified (random),0.0,1,0.00026543635167760487
5,AP-Certified (random),0.0,2,0.003936544701114195
5,AP-Certified (random),0.0,3,0.02387021182174855
5,AP-Certified (random),0.0,4,0.19081981193626069
5,AP-Certified (random),0.0,5,1.0
5,AP-Certified (random),0.0,6,1.0
5,AP-Certified (random),0.0,7,1.0
5,AP-Certified (random),0.0,8,1.0
5,AP-Certified (random),0.0,9,1.0
5,AP-Certified (random),0.0,10,1.0
5,FPA-style symmetric,0.0,0,0.0
5,FPA-style symmetric,0.0,1,0.0
5,FPA-style symmetric,0.0,2,0.00010098209753421857
5,FPA-style symmetric,0.0,3,0.0011012447706080055
5,FPA-style symmetric,0.0,4,0.0031017701167555794
5,FPA-style symmetric,0.0,5,0.026906110075458026
5,FPA-style symmetric,0.0,6,0.12782209965610788
5,FPA-style symmetric,0.0,7,0.4327301655027817
5,FPA-style symmetric,0.0,8,1.0
5,FPA-style symmetric,0.0,9,1.0
5,FPA-style symmetric,0.0,10,1.0
6,AP-Certified (spread),0.0,0,0.0
6,AP-Certified (spread),2.0,0,0.004476871680390779
6,AP-Certified (spread),4.0,0,0.10932160626968608
6,AP-Certified (spread),6.0,0,0.4834278426180343
6,AP-Certified (spread),0.0,1,0.0
6,AP-Certified (spread),2.0,1,0.01543934793815607
6,AP-Certified (spread),4.0,1,0.21541251156157498
6,AP-Certified (spread),6.0,1,0.6725455288191694
6,AP-Certified (spread),0.0,2,0.0
6,AP-Certified (spread),2.0,2,0.03696348815918452
6,AP-Certified (spread),4.0,2,0.36468841567667026
6,AP-Certified (spread),6.0,2,0.8227691187533646
6,AP-Certified (spread),0.0,3,0.0020087328969837317
6,AP-Certified (spread),2.0,3,0.08802716899186928
6,AP-Certified (spread),4.0,3,0.5368127555046158
6,AP-Certified (spread),6.0,3,0.9175060783419323
6,AP-Certified (spread),0.0,4,0.00805446278524199
6,AP-Certified (spread),2.0,4,0.2125584202564998
6,AP-Certified (spread),4.0,4,0.7298111891185689
6,AP-Certified (spread),6.0,4,0.9714285219041653
6,AP-Certified (spread),0.0,5,0.05408421006457735
6,AP-Certified (spread),2.0,5,0.46091695418329187
6,AP-Certified (spread),4.0,5,0.8850296502114995
6,AP-Certified (spread),6.0,5,0.9929573335496668
6,AP-Certified (spread),0.0,6,0.7622574537759342
6,AP-Certified (spread),2.0,6,0.8807841724731496
6,AP-Certified (spread),4.0,6,0.9797861409973742
6,AP-Certified (spread),6.0,6,0.9990811882271533
6,AP-Certified (spread),0.0,7,1.0
6,AP-Certified (spread),2.0,7,1.0
6,AP-Certified (spread),4.0,7,1.0
6,AP-Certified (spread),6.0,7,1.0
6,AP-Certified (spread),0.0,8,1.0
6,AP-Certified (spread),2.0,8,1.0
6,AP-Certified (spread),4.0,8,1.0
6,AP-Certified (spread),6.0,8,1.0
6,AP-Certified (spread),0.0,9,1.0
6,AP-Certified (spread),2.0,9,1.0
6,AP-Certified (spread),4.0,9,1.0
6,AP-Certified (spread),6.0,9,1.0
6,AP-Certified (spread),0.0,10,1.0
6,AP-Certified (spread),2.0,10,1.0
6,AP-Certified (spread),4.0,10,1.0
6,AP-Certified (spread),6.0,10,1.0
6,AP-Certified (random),0.0,0,0.0001680438326029632
6,AP-Certified (random),0.0,1,0.0014034120733484579
6,AP-Certified (random),0.0,2,0.005949735958599758
6,AP-Certified (random),0.0,3,0.03181512679178781
6,AP-Certified (random),0.0,4,0.26803202032045825
6,AP-Certified (random),0.0,5,1.0
6,AP-Certified (random),0.0,6,1.0
6,AP-Certified (random),0.0,7,1.0
6,AP-Certified (random),0.0,8,1.0
6,AP-Certified (random),0.0,9,1.0
6,AP-Certified (random),0.0,10,1.0
6,FPA-style symmetric,0.0,0,0.0
6,FPA-style symmetric,0.0,1,0.0
6,FPA-style symmetric,0.0,2,0.0
6,FPA-style symmetric,0.0,3,0.0
6,FPA-style symmetric,0.0,4,0.0018845241686436792
6,FPA-style symmetric,0.0,5,0.023559883216934117
6,FPA-style symmetric,0.0,6,0.11347493924210181
6,FPA-style symmetric,0.0,7,0.41525003306000785
6,FPA-style symmetric,0.0,8,1.0
6,FPA-style symmetric,0.0,9,1.0
6,FPA-style symmetric,0.0,10,1.0
7,AP-Certified (spread),0.0,0,0.0007330358244420575
7,AP-Certified (spread),2.0,0,0.003264632799963252
7,AP-Certified (spread),4.0,0,0.11513129746325991
7,AP-Certified (spread),6.0,0,0.5033269895844837
7,AP-Certified (spread),0.0,1,0.0008992805755395684
7,AP-Certified (spread),2.0,1,0.012393552195462964
7,AP-Certified (spread),4.0,1,0.2246248153040678
7,AP-Certified (spread),6.0,1,0.6964380117543414
7,AP-Certified (spread),0.0,2,0.0008992805755395684
7,AP-Certified (spread),2.0,2,0.03931170723966305
7,AP-Certified (spread),4.0,2,0.38128146939518026
7,AP-Certified (spread),6.0,2,0.8536983353465901
7,AP-Certified (spread),0.0,3,0.0023653522244236834
7,AP-Certified (spread),2.0,3,0.09481046483903834
7,AP-Certified (spread),4.0,3,0.5746044566232591
7,AP-Certified (spread),6.0,3,0.9480012240530042
7,AP-Certified (spread),0.0,4,0.013693379093249568
7,AP-Certified (spread),2.0,4,0.2277990547710506
7,AP-Certified (spread),4.0,4,0.7661813503241806
7,AP-Certified (spread),6.0,4,0.9873196786094656
7,AP-Certified (spread),0.0,5,0.05577098487958334
7,AP-Certified (spread),2.0,5,0.4899671472746958
7,AP-Certified (spread),4.0,5,0.9016849007543174
7,AP-Certified (spread),6.0,5,0.9979370061667779
7,AP-Certified (spread),0.0,6,0.8271054588585888
7,AP-Certified (spread),2.0,6,0.9155476664424645
7,AP-Certified (spread),4.0,6,0.986035440907809
7,AP-Certified (spread),6.0,6,0.9998337552489024
7,AP-Certified (spread),0.0,7,1.0
7,AP-Certified (spread),2.0,7,1.0
7,AP-Certified (spread),4.0,7,1.0
7,AP-Certified (spread),6.0,7,1.0
7,AP-Certified (spread),0.0,8,1.0
7,AP-Certified (spread),2.0,8,1.0
7,AP-Certified (spread),4.0,8,1.0
7,AP-Certified (spread),6.0,8,1.0
7,AP-Certified (spread),0.0,9,1.0
7,AP-Certified (spread),2.0,9,1.0
7,AP-Certified (spread),4.0,9,1.0
7,AP-Certified (spread),6.0,9,1.0
7,AP-Certified (spread),0.0,10,1.0
7,AP-Certified (spread),2.0,10,1.0
7,AP-Certified (spread),4.0,10,1.0
7,AP-Certified (spread),6.0,10,1.0
7,AP-Certified (random),0.0,0,0.0008992805755395684
7,AP-Certified (random),0.0,1,0.00191640883924363
7,AP-Certified (random),0.0,2,0.01185199609995526
7,AP-Certified (random),0.0,3,0.06262140742560558
7,AP-Certified (random),0.0,4,0.6073299740940249
7,AP-Certified (random),0.0,5,1.0
7,AP-Certified (random),0.0,6,1.0
7,AP-Certified (random),0.0,7,1.0
7,AP-Certified (random),0.0,8,1.0
7,AP-Certified (random),0.0,9,1.0
7,AP-Certified (random),0.0,10,1.0
7,FPA-style symmetric,0.0,0,0.0
7,FPA-style symmetric,0.0,1,5.957857705901506e-05
7,FPA-style symmetric,0.0,2,0.0008992805755395684
7,FPA-style symmetric,0.0,3,0.0008992805755395684
7,FPA-style symmetric,0.0,4,0.00275742030367772
7,FPA-style symmetric,0.0,5,0.02127363708834588
7,FPA-style symmetric,0.0,6,0.10745180366810035
7,FPA-style symmetric,0.0,7,0.3973867817543654
7,FPA-style symmetric,0.0,8,1.0
7,FPA-style symmetric,0.0,9,1.0
7,FPA-style symmetric,0.0,10,1.0
8,AP-Certified (spread),0.0,0,0.0007545923674650556
8,AP-Certified (spread),2.0,0,0.007225395931409038
8,AP-Certified (spread),4.0,0,0.1174561302804208
8,AP-Certified (spread),6.0,0,0.5275010293095141
8,AP-Certified (spread),0.0,1,0.0016538729430046238
8,AP-Certified (spread),2.0,1,0.018657818324366894
8,AP-Certified (spread),4.0,1,0.24404975452431177
8,AP-Certified (spread),6.0,1,0.7055675977386653
8,AP-Certified (spread),0.0,2,0.0017985611510791368
8,AP-Certified (spread),2.0,2,0.043321224261361736
8,AP-Certified (spread),4.0,2,0.40955960017807275
8,AP-Certified (spread),6.0,2,0.8536484478591571
8,AP-Certified (spread),0.0,3,0.004816930620939359
8,AP-Certified (spread),2.0,3,0.1057654827984064
8,AP-Certified (spread),4.0,3,0.5977785339822872
8,AP-Certified (spread),6.0,3,0.9386751352832138
8,AP-Certified (spread),0.0,4,0.016714568965213242
8,AP-Certified (spread),2.0,4,0.24367799255427325
8,AP-Certified (spread),4.0,4,0.78706151946982
8,AP-Certified (spread),6.0,4,0.9844962248812514
8,AP-Certified (spread),0.0,5,0.07095176544141978
8,AP-Certified (spread),2.0,5,0.5222832393465151
8,AP-Certified (spread),4.0,5,0.9223343822431104
8,AP-Certified (spread),6.0,5,0.9970439331843248
8,AP-Certified (spread),0.0,6,0.8521286513478479
8,AP-Certified (spread),2.0,6,0.9309837247484574
8,AP-Certified (spread),4.0,6,0.9907399546832312
8,AP-Certified (spread),6.0,6,0.999710623583851
8,AP-Certified (spread),0.0,7,1.0
8,AP-Certified (spread),2.0,7,1.0
8,AP-Certified (spread),4.0,7,1.0
8,AP-Certified (spread),6.0,7,1.0
8,AP-Certified (spread),0.0,8,1.0
8,AP-Certified (spread),2.0,8,1.0
8,AP-Certified (spread),4.0,8,1.0
8,AP-Certified (spread),6.0,8,1.0
8,AP-Certified (spread),0.0,9,1.0
8,AP-Certified (spread),2.0,9,1.0
8,AP-Certified (spread),4.0,9,1.0
8,AP-Certified (spread),6.0,9,1.0
8,AP-Certified (spread),0.0,10,1.0
8,AP-Certified (spread),2.0,10,1.0
8,AP-Certified (spread),4.0,10,1.0
8,AP-Certified (spread),6.0,10,1.0
8,AP-Certified (random),0.0,0,0.00100439242628225
8,AP-Certified (random),0.0,1,0.0020087848525645
8,AP-Certified (random),0.0,2,0.005594247466269224
8,AP-Certified (random),0.0,3,0.031194638311678232
8,AP-Certified (random),0.0,4,0.21456713117587903
8,AP-Certified (random),0.0,5,1.0
8,AP-Certified (random),0.0,6,1.0
8,AP-Certified (random),0.0,7,1.0
8,AP-Certified (random),0.0,8,1.0
8,AP-Certified (random),0.0,9,1.0
8,AP-Certified (random),0.0,10,1.0
8,FPA-style symmetric,0.0,0,0.0
8,FPA-style symmetric,0.0,1,9.001766858419459e-05
8,FPA-style symmetric,0.0,2,0.0009892982441237629
8,FPA-style symmetric,0.0,3,0.0017985611510791368
8,FPA-style symmetric,0.0,4,0.003147930069539678
8,FPA-style symmetric,0.0,5,0.017718246835945913
8,FPA-style symmetric,0.0,6,0.1224938430444806
8,FPA-style symmetric,0.0,7,0.4272697976971362
8,FPA-style symmetric,0.0,8,1.0
8,FPA-style symmetric,0.0,9,1.0
8,FPA-style symmetric,0.0,10,1.0
9,AP-Certified (spread),0.0,0,0.0
9,AP-Certified (spread),2.0,0,0.0037709014614557028
9,AP-Certified (spread),4.0,0,0.11911243052766873
9,AP-Certified (spread),6.0,0,0.5052352300429582
9,AP-Certified (spread),0.0,1,0.0
9,AP-Certified (spread),2.0,1,0.015264981199883345
9,AP-Certified (spread),4.0,1,0.22821976512320963
9,AP-Certified (spread),6.0,1,0.7073919841853006
9,AP-Certified (spread),0.0,2,0.0
9,AP-Certified (spread),2.0,2,0.03880486293368334
9,AP-Certified (spread),4.0,2,0.39609751066836485
9,AP-Certified (spread),6.0,2,0.8530156011848599
9,AP-Certified (spread),0.0,3,0.0014358104429580674
9,AP-Certified (spread),2.0,3,0.0986255450338454
9,AP-Certified (spread),4.0,3,0.5840319585666085
9,AP-Certified (spread),6.0,3,0.9383646310389786
9,AP-Certified (spread),0.0,4,0.01256713947326464
9,AP-Certified (spread),2.0,4,0.23445395959388177
9,AP-Certified (spread),4.0,4,0.7651652973477089
9,AP-Certified (spread),6.0,4,0.9833894293740617
9,AP-Certified (spread),0.0,5,0.06051579873735179
9,AP-Certified (spread),2.0,5,0.5043502085366908
9,AP-Certified (spread),4.0,5,0.9046373446987362
9,AP-Certified (spread),6.0,5,0.9974683412379158
9,AP-Certified (spread),0.0,6,0.8128206346095282
9,AP-Certified (spread),2.0,6,0.9122143286347012
9,AP-Certified (spread),4.0,6,0.986034097737339
9,AP-Certified (spread),6.0,6,0.9998186246459395
9,AP-Certified (spread),0.0,7,1.0
9,AP-Certified (spread),2.0,7,1.0
9,AP-Certified (spread),4.0,7,1.0
9,AP-Certified (spread),6.0,7,1.0
9,AP-Certified (spread),0.0,8,1.0
9,AP-Certified (spread),2.0,8,1.0
9,AP-Certified (spread),4.0,8,1.0
9,AP-Certified (spread),6.0,8,1.0
9,AP-Certified (spread),0.0,9,1.0
9,AP-Certified (spread),2.0,9,1.0
9,AP-Certified (spread),4.0,9,1.0
9,AP-Certified (spread),6.0,9,1.0
9,AP-Certified (spread),0.0,10,1.0
9,AP-Certified (spread),2.0,10,1.0
9,AP-Certified (spread),4.0,10,1.0
9,AP-Certified (spread),6.0,10,1.0
9,AP-Certified (random),0.0,0,5.464702222343532e-05
9,AP-Certified (random),0.0,1,0.0009539275977630036
9,AP-Certified (random),0.0,2,0.0028368545733244077
9,AP-Certified (random),0.0,3,0.02363918301976981
9,AP-Certified (random),0.0,4,0.15198791247060245
9,AP-Certified (random),0.0,5,1.0
9,AP-Certified (random),0.0,6,1.0
9,AP-Certified (random),0.0,7,1.0
9,AP-Certified (random),0.0,8,1.0
9,AP-Certified (random),0.0,9,1.0
9,AP-Certified (random),0.0,10,1.0
9,FPA-style symmetric,0.0,0,0.0
9,FPA-style symmetric,0.0,1,0.0
9,FPA-style symmetric,0.0,2,0.0
9,FPA-style symmetric,0.0,3,0.0
9,FPA-style symmetric,0.0,4,0.0002837757041231017
9,FPA-style symmetric,0.0,5,0.027544653649467093
9,FPA-style symmetric,0.0,6,0.12546506935707488
9,FPA-style symmetric,0.0,7,0.425910168313902
9,FPA-style symmetric,0.0,8,1.0
9,FPA-style symmetric,0.0,9,1.0
9,FPA-style symmetric,0.0,10,1.0
