split,delta,kstar,k0,k1,k2,k3,k4,k5,k6,k7,k8,k9,k10
0,0.0,3,0.0007806425245305358,0.0016799231000701042,0.0017985611510791368,0.0033598462001402083,0.01530676017011631,0.07095066512785876,0.8785146357667506,1.0,1.0,1.0,1.0
0,1.0,2,0.0007806425245305358,0.00246056562460064,0.004259126775679777,0.013083470647533737,0.05263997291062935,0.20755595959540427,0.8984458283362682,1.0,1.0,1.0,1.0
0,2.0,2,0.0016799231000701042,0.005701773773731816,0.009417534126899121,0.03018879196872918,0.10587313607630386,0.30113811060935036,0.9114960139472617,1.0,1.0,1.0,1.0
0,4.0,-1,0.030781982223774342,0.07152486499696027,0.1514991693268038,0.2697178100333453,0.45302872327111743,0.6930939604329477,0.9638153944422451,1.0,1.0,1.0,1.0
1,0.0,3,0.0004921946611160274,0.0008992805755395684,0.0008992805755395684,0.001883669897771623,0.010080761643359117,0.044734340704441815,0.5782589926572116,1.0,1.0,1.0,1.0
1,1.0,3,0.0004921946611160274,0.0013914752366555958,0.003275145134427219,0.009418349488858115,0.03317699507773462,0.1291959667554727,0.6356581065909308,1.0,1.0,1.0,1.0
1,2.0,2,0.0008992805755395684,0.001883669897771623,0.006143204354430897,0.02277425626664445,0.07256384543755373,0.21752131881927622,0.6881721895515676,1.0,1.0,1.0,1.0
1,4.0,-1,0.02579407516099421,0.055659009466223826,0.11181021359356369,0.20926167326807008,0.3767790894364723,0.598701438811785,0.8660687341546551,1.0,1.0,1.0,1.0
2,0.0,3,0.0,0.0,0.0,0.0,0.010175442169114313,0.056306047761977146,0.8785504664583169,1.0,1.0,1.0,1.0
2,1.0,3,0.0,0.000782726320701101,0.0024647332169417703,0.009742378612928614,0.032707703886105645,0.16981742386147097,0.8949846163905408,1.0,1.0,1.0,1.0
2,2.0,2,0.0,0.000782726320701101,0.005595638499746174,0.022732216763500096,0.07918797224348388,0.2805636170405101,0.9104863322840571,1.0,1.0,1.0,1.0
2,4.0,-1,0.021283318376936363,0.06095215835768162,0.12759941560461394,0.24783778502157075,0.4451982692905874,0.6803275034647662,0.9625860841968521,1.0,1.0,1.0,1.0
3,0.0,4,0.0,0.0,0.0,0.0,0.009573616774576616,0.045303306691898665,0.5899639692305175,1.0,1.0,1.0,1.0
3,1.0,3,0.0,0.0005038745670829798,0.0019070297097055278,0.009248211098697442,0.03504734645903527,0.14246028944777472,0.6544151486089416,1.0,1.0,1.0,1.0
3,2.0,2,0.0,0.002519372835414899,0.006511901146029761,0.02270588762526253,0.07246712896881005,0.22546337997975788,0.7018638696237323,1.0,1.0,1.0,1.0
3,4.0,-1,0.022488950508009746,0.05656007993940749,0.11383403544363019,0.21996995171586087,0.38952091461689536,0.6052151882007574,0.8710976412431521,1.0,1.0,1.0,1.0
4,0.0,3,0.0005097773557933007,0.0014090579313328691,0.0017985611510791368,0.003327893218459039,0.012143063214597353,0.048572252858389404,0.5980326772218518,1.0,1.0,1.0,1.0
4,1.0,2,0.0005097773557933007,0.0019188352871261699,0.0037173964382053067,0.01061373114721745,0.03414953194852479,0.1275766412270983,0.6482785925691203,1.0,1.0,1.0,1.0
4,2.0,2,0.0014090579313328691,0.003327893218459039,0.007045289656664345,0.0227567943618148,0.0689577962004951,0.20990337192463987,0.6954084821584188,1.0,1.0,1.0,1.0
4,4.0,-1,0.022934430121072175,0.05171695942796471,0.11053657013580413,0.1996911721398948,0.3629929372268554,0.5815810295958072,0.8609473505505825,1.0,1.0,1.0,1.0
5,0.0,3,0.0,0.000666506454406484,0.0008992805755395684,0.0015657870299460523,0.012462664421582881,0.05284490535206885,0.7581476881427254,1.0,1.0,1.0,1.0
5,1.0,2,0.0,0.001333012908812968,0.0037980805142985886,0.011827973876169165,0.03771621511286004,0.15916940660162027,0.7925982580704218,1.0,1.0,1.0,1.0
5,2.0,2,0.000666506454406484,0.0028987999387590203,0.008929173937410146,0.026787521812230437,0.0810290718910978,0.2553171059737432,0.8214622490909244,1.0,1.0,1.0,1.0
5,4.0,-1,0.022121976631385046,0.05940445941097168,0.12369717536573813,0.23273120873453362,0.41635196081331144,0.6547132547566572,0.9273744742064778,1.0,1.0,1.0,1.0
6,0.0,4,0.0,0.0,0.0,0.0020087328969837317,0.00805446278524199,0.05408421006457735,0.7622574537759342,1.0,1.0,1.0,1.0
6,1.0,2,0.0,0.0006695776323279106,0.0022384358401953894,0.011402350946881542,0.03313666291381459,0.1587531638781091,0.7955643805416246,1.0,1.0,1.0,1.0
6,2.0,2,0.0,0.003347888161639553,0.008513868671665306,0.024622794242149283,0.0698509169324804,0.2503579239748296,0.8231287337270234,1.0,1.0,1.0,1.0
6,4.0,-1,0.021485077826414328,0.05955801830704301,0.11925275499523547,0.216810260418152,0.3925809732912308,0.6368532594837735,0.9241980287401529,1.0,1.0,1.0,1.0
7,0.0,3,0.0007330358244420575,0.0008992805755395684,0.0008992805755395684,0.0023653522244236834,0.013693379093249568,0.05577098487958334,0.8271054588585888,1.0,1.0,1.0,1.0
7,1.0,2,0.0007330358244420575,0.001632316399981626,0.00399766862440531,0.013292832771002532,0.04021098781520262,0.17121243533210984,0.8520421715232154,1.0,1.0,1.0,1.0
7,2.0,2,0.0008992805755395684,0.001632316399981626,0.00692981192217354,0.025686384966465498,0.08025573087930774,0.27278646734222417,0.8731552549125993,1.0,1.0,1.0,1.0
7,4.0,-1,0.023986011746431855,0.05703288606831141,0.1268900017653263,0.23208349259052735,0.42349518882161813,0.6572177451289254,0.9448067426356263,1.0,1.0,1.0,1.0
8,0.0,3,0.0007545923674650556,0.0016538729430046238,0.0017985611510791368,0.004816930620939359,0.016714568965213242,0.07095176544141978,0.8521286513478479,1.0,1.0,1.0,1.0
8,1.0,2,0.0007545923674650556,0.0024084653104696793,0.0042070264615488165,0.012796918919813454,0.05136351521442082,0.2003166024935024,0.8757128292639935,1.0,1.0,1.0,1.0
8,2.0,2,0.0016538729430046238,0.0033077458860092477,0.008124676506948607,0.03540353861667263,0.10385338476634526,0.3031461013759381,0.893654167065233,1.0,1.0,1.0,1.0
8,4.0,-1,0.025738526047701417,0.07178874336277435,0.14493091482501638,0.27282673294157794,0.45191924120971,0.6812267734999833,0.954857279080752,1.0,1.0,1.0,1.0
9,0.0,3,0.0,0.0,0.0,0.0014358104429580674,0.01256713947326464,0.06051579873735179,0.8128206346095282,1.0,1.0,1.0,1.0
9,1.0,3,0.0,0.0,0.002153715664437101,0.009876893941409042,0.04471428767004993,0.18658792515193479,0.8427475680295163,1.0,1.0,1.0,1.0
9,2.0,2,0.0,0.0007179052214790337,0.005206711904413771,0.026396310230189922,0.09536838485551889,0.2952945280655391,0.8672332408276887,1.0,1.0,1.0,1.0
9,4.0,-1,0.02047169310429712,0.06520117316387326,0.1344077965066045,0.2512231169895911,0.4392249973204487,0.6718965214730316,0.9435922648871736,1.0,1.0,1.0,1.0
