split,model,FRR,FAR,EER,kstar,FAR_adjacent,cert1,cert2
0,AP-Certified (hierarchical),0.05366726296958855,0.052623732856290996,0.044722719141323794,-1.0,0.15025729583770203,0.32229267192680094,1.0
0,kNN,0.05008944543828265,0.2684853905784138,0.04129397734048897,,,,
0,LightGBM,0.057245080500894455,0.086463923673226,0.071407274895647,,,,
0,MLP,0.04114490161001789,0.012075134168157423,0.02146690518783542,,,,
1,AP-Certified (hierarchical),0.057245080500894455,0.04039952295766249,0.0475551580202743,-1.0,0.1264717361896358,0.2134221908071573,1.0
1,kNN,0.057245080500894455,0.22644603458556947,0.046362552176505666,,,,
1,LightGBM,0.046511627906976744,0.11583184257602862,0.06976744186046512,,,,
1,MLP,0.06440071556350627,0.011180679785330949,0.026982707215265356,,,,
2,AP-Certified (hierarchical),0.03398926654740608,0.06633870005963029,0.0436046511627907,-1.0,0.198512197888156,0.5135645018962453,1.0
2,kNN,0.044722719141323794,0.3531604054859869,0.03943053070960048,,,,
2,LightGBM,0.04114490161001789,0.1073345259391771,0.06618962432915922,,,,
2,MLP,0.03935599284436494,0.011926058437686345,0.020050685748360168,,,,
3,AP-Certified (hierarchical),0.03398926654740608,0.06678592725104353,0.04367918902802624,-1.0,0.19601289971125005,0.4899449440551675,1.0
3,kNN,0.04293381037567084,0.36285032796660704,0.039505068574836016,,,,
3,LightGBM,0.0518783542039356,0.09883720930232558,0.06440071556350627,,,,
3,MLP,0.04114490161001789,0.01267143709004174,0.021765056648777578,,,,
4,AP-Certified (hierarchical),0.05366726296958855,0.05008944543828265,0.05008944543828265,-1.0,0.1482241243475764,0.27742105342913437,1.0
4,kNN,0.04114490161001789,0.31261180679785333,0.042933810375670844,,,,
4,LightGBM,0.03756708407871199,0.11404293381037567,0.0605247465712582,,,,
4,MLP,0.05008944543828265,0.012373285629099583,0.021839594514013117,,,,
5,AP-Certified (hierarchical),0.07692307692307693,0.031156827668455577,0.05329457364341086,-1.0,0.10327448109538935,0.10954645397743387,0.9593596542402044
5,kNN,0.05008944543828265,0.27072152653548004,0.044499105545617174,,,,
5,LightGBM,0.06976744186046512,0.08050089445438283,0.07334525939177101,,,,
5,MLP,0.06976744186046512,0.010882528324388789,0.025044722719141325,,,,
6,AP-Certified (hierarchical),0.05008944543828265,0.0468097793679189,0.04695885509838998,-1.0,0.15167563313466254,0.3195937766914555,1.0
6,kNN,0.055456171735241505,0.23956469886702444,0.04479725700655933,,,,
6,LightGBM,0.05366726296958855,0.08974358974358974,0.06797853309481217,,,,
6,MLP,0.05008944543828265,0.01282051282051282,0.024970184853905786,,,,
7,AP-Certified (hierarchical),0.044722719141323794,0.05992844364937388,0.046735241502683364,-1.0,0.18572657459160377,0.4226483493324071,1.0
7,kNN,0.03935599284436494,0.33989266547406083,0.0413685152057245,,,,
7,LightGBM,0.046511627906976744,0.11642814549791294,0.06618962432915922,,,,
7,MLP,0.05366726296958855,0.011180679785330949,0.023255813953488372,,,,
8,AP-Certified (hierarchical),0.0626118067978533,0.04084675014907573,0.0486732259988074,-1.0,0.12612341623085427,0.22034861063266795,1.0
8,kNN,0.059033989266547404,0.2716159809183065,0.04382826475849732,,,,
8,LightGBM,0.03220035778175313,0.12462731067382231,0.06082289803220036,,,,
8,MLP,0.059033989266547404,0.011031604054859869,0.025044722719141325,,,,
9,AP-Certified (hierarchical),0.0518783542039356,0.046362552176505666,0.046511627906976744,-1.0,0.14105867603046993,0.28268079448175915,1.0
9,kNN,0.05366726296958855,0.17620751341681573,0.04427549194991055,,,,
9,LightGBM,0.0626118067978533,0.08079904591532498,0.07110912343470482,,,,
9,MLP,0.06618962432915922,0.010584376863446631,0.025044722719141325,,,,
