GF,thetaF,EER,kstar,cert1
5,0.2,0.05392610412040464,-1,0.15475148987417942
5,0.3,0.05244571922033062,-1,0.3208838754848897
5,0.4,0.05007093510979521,-1,0.41463424060642634
6,0.2,0.06956266962743647,-1,0.20198948915693213
6,0.3,0.06373365408339501,-1,0.3893971320175028
6,0.4,0.06382617813964965,-1,0.5529070279650812
8,0.2,0.06385701949173452,-1,0.15000405657385504
8,0.3,0.06183691093017518,-1,0.17299284942171153
8,0.4,0.07073464100666174,-1,0.18010964416556682
10,0.2,0.06263878608438193,-1,0.13210137515032622
10,0.3,0.06772760917838638,-1,0.13761457363181537
10,0.4,0.06465889464594128,-1,0.17498665441433073
