split,model,calib,tau,FRR,FAR,EER,kstar,mondrian
0,AP-Certified (spread),deployment,6.131925512722044,0.0359712230215827,0.0,0.0026978417266187,3.0,"{""0"": 0.022388059701492536, ""1"": 0.025974025974025976, ""2"": 0.04477611940298507}"
0,AP-Certified (random),deployment,4.778555889563089,0.0341726618705036,0.0008992805755395,0.0026978417266187,2.0,
0,FPA-style symmetric,deployment,5.69348707201601,0.0341726618705036,0.0,0.0017985611510791,4.0,
0,kNN,deployment,1.0000000000350708,0.0431654676258992,0.0,0.004046762589928,,
0,LightGBM,deployment,0.9982731392984056,0.0539568345323741,0.0,0.0004496402877697,,
0,MLP,deployment,0.9725080139752664,0.0413669064748201,0.0,0.0,,
0,AP-Certified (spread),source,7.090110211774009,0.106115107913669,0.0,0.0013489208633093,4.0,
1,AP-Certified (spread),deployment,6.4526795368389775,0.0629496402877697,0.0008992805755395,0.0022482014388489,3.0,"{""0"": 0.04477611940298507, ""1"": 0.05844155844155844, ""2"": 0.07462686567164178}"
1,AP-Certified (random),deployment,4.835706426707106,0.0503597122302158,0.0008992805755395,0.0044964028776978,2.0,
1,FPA-style symmetric,deployment,5.769518055995636,0.0485611510791366,0.0,0.0022482014388489,4.0,
1,kNN,deployment,1.000000000045948,0.0593525179856115,0.0,0.0026978417266187,,
1,LightGBM,deployment,0.9987005933061064,0.0557553956834532,0.0,0.0017985611510791,,
1,MLP,deployment,0.9769377713696322,0.0503597122302158,0.0,0.0,,
1,AP-Certified (spread),source,7.08072933139154,0.0971223021582733,0.0,0.0022482014388489,4.0,
2,AP-Certified (spread),deployment,6.129608331380376,0.039568345323741,0.0,0.0008992805755395,3.0,"{""0"": 0.04477611940298507, ""1"": 0.09090909090909091, ""2"": 0.007462686567164179}"
2,AP-Certified (random),deployment,4.75856533473246,0.0431654676258992,0.0,0.0035971223021582,2.0,
2,FPA-style symmetric,deployment,5.648017217150713,0.0377697841726618,0.0,0.0,4.0,
2,kNN,deployment,1.0000000000276847,0.0233812949640287,0.0,0.0013489208633093,,
2,LightGBM,deployment,0.9982691335638112,0.0521582733812949,0.0,0.0035971223021582,,
2,MLP,deployment,0.976937771467509,0.0503597122302158,0.0,0.0,,
2,AP-Certified (spread),source,7.08169195683881,0.0953237410071942,0.0,0.0017985611510791,4.0,
3,AP-Certified (spread),deployment,6.439691481403727,0.0557553956834532,0.0,0.0008992805755395,4.0,"{""0"": 0.06343283582089553, ""1"": 0.05194805194805195, ""2"": 0.06716417910447761}"
3,AP-Certified (random),deployment,4.7543674554421385,0.0341726618705036,0.0,0.0035971223021582,2.0,
3,FPA-style symmetric,deployment,6.04675838090407,0.0647482014388489,0.0,0.0,4.0,
3,kNN,deployment,1.0000000000389369,0.0647482014388489,0.0,0.004046762589928,,
3,LightGBM,deployment,0.9987005925153144,0.0557553956834532,0.0,0.0017985611510791,,
3,MLP,deployment,0.9793570045199824,0.0557553956834532,0.0,0.0,,
3,AP-Certified (spread),source,7.104952786844436,0.1097122302158273,0.0,0.0013489208633093,4.0,
4,AP-Certified (spread),deployment,6.43312758035785,0.0683453237410072,0.0008992805755395,0.0026978417266187,3.0,"{""0"": 0.06716417910447761, ""1"": 0.08441558441558442, ""2"": 0.06716417910447761}"
4,AP-Certified (random),deployment,5.075577800354117,0.066546762589928,0.0008992805755395,0.0049460431654676,2.0,
4,FPA-style symmetric,deployment,6.039015305824809,0.0629496402877697,0.0,0.0017985611510791,4.0,
4,kNN,deployment,1.0000000000323075,0.0467625899280575,0.0,0.0026978417266187,,
4,LightGBM,deployment,0.998758649034564,0.0593525179856115,0.0,0.0017985611510791,,
4,MLP,deployment,0.9725080134065152,0.0413669064748201,0.0,0.0,,
4,AP-Certified (spread),source,7.059258253893452,0.1097122302158273,0.0,0.0022482014388489,4.0,
5,AP-Certified (spread),deployment,6.25884482269999,0.0467625899280575,0.0,0.0017985611510791,3.0,"{""0"": 0.05223880597014925, ""1"": 0.08441558441558442, ""2"": 0.029850746268656716}"
5,AP-Certified (random),deployment,4.901611592311501,0.0413669064748201,0.0,0.004046762589928,2.0,
5,FPA-style symmetric,deployment,5.887707907541949,0.0503597122302158,0.0,0.0013489208633093,4.0,
5,kNN,deployment,1.0000000000349172,0.0521582733812949,0.0,0.0013489208633093,,
5,LightGBM,deployment,0.9982691335740732,0.0521582733812949,0.0,0.0,,
5,MLP,deployment,0.9735138422736224,0.0449640287769784,0.0,0.0,,
5,AP-Certified (spread),source,7.073580477240058,0.106115107913669,0.0,0.0022482014388489,4.0,
6,AP-Certified (spread),deployment,6.255429672851363,0.0485611510791366,0.0,0.0022482014388489,4.0,"{""0"": 0.05223880597014925, ""1"": 0.01948051948051948, ""2"": 0.05223880597014925}"
6,AP-Certified (random),deployment,4.813135258145505,0.0377697841726618,0.0,0.0026978417266187,2.0,
6,FPA-style symmetric,deployment,5.904409124468229,0.0485611510791366,0.0,0.0,4.0,
6,kNN,deployment,1.0000000000373386,0.079136690647482,0.0,0.0013489208633093,,
6,LightGBM,deployment,0.9974328564618182,0.0377697841726618,0.0,0.004046762589928,,
6,MLP,deployment,0.9698585276046968,0.0305755395683453,0.0,0.0,,
6,AP-Certified (spread),source,7.069600483849461,0.0935251798561151,0.0,0.0022482014388489,4.0,
7,AP-Certified (spread),deployment,6.184864163220432,0.0413669064748201,0.0008992805755395,0.0022482014388489,3.0,"{""0"": 0.03731343283582089, ""1"": 0.03896103896103896, ""2"": 0.05223880597014925}"
7,AP-Certified (random),deployment,4.434476685380542,0.0215827338129496,0.0008992805755395,0.0049460431654676,1.0,
7,FPA-style symmetric,deployment,5.933748622310375,0.0503597122302158,0.0,0.0022482014388489,4.0,
7,kNN,deployment,1.0000000000273597,0.039568345323741,0.0,0.0,,
7,LightGBM,deployment,0.9968468379176156,0.026978417266187,0.0,0.0017985611510791,,
7,MLP,deployment,0.9723002320463004,0.039568345323741,0.0,0.0,,
7,AP-Certified (spread),source,7.068324519662651,0.0881294964028776,0.0,0.0022482014388489,4.0,
8,AP-Certified (spread),deployment,6.160893287378858,0.039568345323741,0.0008992805755395,0.0026978417266187,3.0,"{""0"": 0.029850746268656716, ""1"": 0.025974025974025976, ""2"": 0.04477611940298507}"
8,AP-Certified (random),deployment,4.883115621974138,0.0485611510791366,0.0008992805755395,0.0026978417266187,2.0,
8,FPA-style symmetric,deployment,5.899900352534376,0.0485611510791366,0.0,0.0017985611510791,4.0,
8,kNN,deployment,1.000000000030827,0.0359712230215827,0.0,0.0017985611510791,,
8,LightGBM,deployment,0.9987005931093852,0.0557553956834532,0.0,0.0017985611510791,,
8,MLP,deployment,0.978449404862714,0.0539568345323741,0.0,0.0,,
8,AP-Certified (spread),source,7.060287974238683,0.1151079136690647,0.0,0.0013489208633093,4.0,
9,AP-Certified (spread),deployment,6.201689393715315,0.0467625899280575,0.0,0.0,3.0,"{""0"": 0.055970149253731345, ""1"": 0.03896103896103896, ""2"": 0.03731343283582089}"
9,AP-Certified (random),deployment,4.93923251128754,0.0557553956834532,0.0,0.0035971223021582,2.0,
9,FPA-style symmetric,deployment,5.894813805671704,0.0467625899280575,0.0,0.0,4.0,
9,kNN,deployment,1.0000000000311122,0.0449640287769784,0.0,0.0017985611510791,,
9,LightGBM,deployment,0.9982016326078637,0.0503597122302158,0.0,0.0017985611510791,,
9,MLP,deployment,0.9784494051522248,0.0539568345323741,0.0,0.0,,
9,AP-Certified (spread),source,7.091425266667584,0.1079136690647482,0.0,0.0013489208633093,4.0,
